eliteFriendsRatio,4.28894450625
complimentsFansRatio/writer,0.602725823068
complimentsFansRatio/more,0.37163027561
category/Airports,0.262648562357
complimentsFansRatio/hot,0.245850454059
category/Breweries,0.237760806446
category/Beer, Wine & Spirits,0.202070650757
category/Bagels,0.200380675083
category/Cinema,0.190842593143
category/Day Spas,0.178284420512
category/Dance Clubs,0.168952609638
cities/Madison,0.167657331249
category/Burgers,0.158532509343
category/Food Trucks,0.157817343275
category/Gastropubs,0.153537633154
complimentsFansRatio/list,0.152578766479
cities/Champaign,0.151611019587
category/Grocery,0.149323621633
category/Salad,0.142730615009
fans,0.140650869097
category/Wine Bars,0.133636971804
category/Mongolian,0.130847805967
category/Stadiums & Arenas,0.130760910884
category/Yelp Events,0.130562126848
category/Farmers Market,0.129419196242
category/Pubs,0.12821039794
cities/Montréal,0.127906130769
category/Hot Dogs,0.12492298214
cities/Pittsburgh,0.124050049421
cities/Montreal,0.121844826171
category/Latin American,0.121476072708
category/Buffets,0.118300657279
category/Irish,0.117344832025
category/Caribbean,0.115666241955
category/Lounges,0.11316338208
category/Juice Bars & Smoothies,0.109594905617
category/Southern,0.106177559394
category/Street Vendors,0.106104920459
category/Creperies,0.103490187888
category/Festivals,0.102000880233
category/Food Delivery Services,0.0974364235558
category/Hotels & Travel,0.0973553872504
category/Party & Event Planning,0.0939334638356
category/Ice Cream & Frozen Yogurt,0.092479498785
complimentsFansRatio/cool,0.0892179355921
category/Convenience Stores,0.0889122962872
category/Climbing,0.086944434248
category/Art Galleries,0.0861395030271
category/Veterinarians,0.0849441375936
category/Yoga,0.0847889430629
category/Food Stands,0.0843893801995
category/Animal Shelters,0.0841578140825
category/Coffee & Tea,0.0831289160606
category/Urgent Care,0.083027114054
category/Tapas/Small Plates,0.0830058886106
category/Spanish,0.0826826878804
category/Parks,0.0822717007561
category/Cafes,0.0810544383026
category/Bubble Tea,0.0809572870264
category/Steakhouses,0.0808426805469
category/Oil Change Stations,0.0789264572397
category/Cupcakes,0.0789156615718
category/Tea Rooms,0.0771439466777
category/Arcades,0.0753362585797
category/Wholesale Stores,0.0747395991627
category/Taiwanese,0.0743957825454
category/Gluten-Free,0.0743734047556
category/American (New),0.0733621419621
category/Poutineries,0.0730297538899
category/Music Venues,0.0726841163529
category/Canadian (New),0.0715210296613
category/Champagne Bars,0.0712179460777
category/Wedding Planning,0.07118870286
category/Dog Parks,0.0708456071791
category/Dive Bars,0.0686098907294
cities/Waterloo,0.0686076110066
category/Hair Salons,0.0659766429229
category/Mini Golf,0.0658217200021
category/Performing Arts,0.0656948516624
category/Bikes,0.0647251333862
category/Sandwiches,0.0642254543965
cities/Urbana,0.0640181756134
category/Mexican,0.0639919881415
category/Car Wash,0.0636860694951
category/Home Decor,0.0635978000109
cities/Cave Creek,0.0622228031062
category/Arts & Entertainment,0.061974706614
cities/Laval,0.0609948872416
category/Shaved Ice,0.0596210119087
category/Dentists,0.057438719568
category/Desserts,0.0543175358506
numReviewsYear/2015,0.0542837194849
category/Bakeries,0.053964995476
category/Zoos,0.0537611311703
category/Jazz & Blues,0.0519252964526
category/Piercing,0.0497446750772
category/Irish Pub,0.0482397652119
category/Hotels,0.0480764514841
category/Cosmetology Schools,0.0475461238314
category/Medical Centers,0.0474087001472
category/Hawaiian,0.0469902430823
complimentsFansRatio/note,0.0468972863804
cities/Gilbert,0.0461139822698
category/Gelato,0.0456923484296
category/Bowling,0.0449863333236
category/Nightlife,0.0436429041208
category/General Dentistry,0.0433894471312
category/Playgrounds,0.0426993022167
cities/West Mifflin,0.0415572469532
category/Vegan,0.0413973225126
cities/Paradise Valley,0.0412523280826
category/Specialty Schools,0.0410346782776
category/Bike Repair/Maintenance,0.0407465793495
category/Trainers,0.0394748656814
category/Brewing Supplies,0.0393505057606
category/Mobile Phones,0.0392344204965
category/Rafting/Kayaking,0.0390654998869
category/Soup,0.0387552251188
category/Do-It-Yourself Food,0.0386142550494
category/Bike Rentals,0.0376270233666
category/Orthodontists,0.0373134875743
category/Gay Bars,0.0371384250543
category/Barbers,0.0362532479083
cities/Clark County,0.0359855690164
category/Sewing & Alterations,0.0356522355231
category/Vegetarian,0.0348805054081
category/Specialty Food,0.0348685897956
category/Tattoo,0.0339405791842
category/Comedy Clubs,0.0335891688768
category/Gyms,0.0335224904059
category/Fitness & Instruction,0.0328550997029
cities/Pointe-Claire,0.0320335713444
category/Health Markets,0.0316945690688
category/Rock Climbing,0.0313549546771
category/Ramen,0.0307491419785
category/Vietnamese,0.0307081776955
category/Hiking,0.0303891712663
category/Signmaking,0.0302621910848
numCategories,0.0292739075771
category/Musical Instruments & Teachers,0.0292706249507
category/British,0.0290646240464
cities/Chandler,0.028075807521
category/Tires,0.0278332041307
category/Electricians,0.0277925951664
category/Ethiopian,0.0276641331369
votesReviewsRatio/useful,0.0276039655085
yelpingYear/2005,0.0272725613904
category/Self Storage,0.0272401292128
category/Makeup Artists,0.0272275968323
category/Korean,0.0269461068534
category/Dance Studios,0.0261900922272
category/Pediatricians,0.0259971236055
cities/N. Las Vegas,0.0259772325983
category/Tobacco Shops,0.0258211060357
category/French,0.0257849686361
category/Filipino,0.0256399516411
category/American (Traditional),0.0254149964784
category/Kids Activities,0.0252687082062
category/Cajun/Creole,0.0252301747596
category/Skating Rinks,0.0251593410814
category/Parking,0.0250036949658
category/Screen Printing/T-Shirt Printing,0.0249821007707
category/Amusement Parks,0.0248349713271
category/Oral Surgeons,0.0246036180721
category/Furniture Stores,0.0242030617739
category/Aquariums,0.0241364009043
category/Cafeteria,0.0238701743209
category/Airport Lounges,0.0234733073706
category/Outlet Stores,0.0233591683835
category/Spray Tanning,0.0231609677336
category/Weight Loss Centers,0.0231320787449
cities/Brossard,0.0230079558366
cities/Dorval,0.0228400645536
cities/Casa Grande,0.0228204834049
category/Apartments,0.0227916605207
category/Cambodian,0.0227856727947
category/Distilleries,0.0226790228024
category/Cycling Classes,0.0226202465239
cities/Outremont,0.022410722125
category/Cooking Schools,0.0216139517328
category/Shopping Centers,0.0215866489771
category/Breakfast & Brunch,0.0215861939027
category/Arts & Crafts,0.0214580919094
category/Obstetricians & Gynecologists,0.0209999222923
category/Pet Adoption,0.0208368199643
cities/Sun Prairie,0.0207532206352
cities/West Homestead,0.0204683526817
cities/Île des Soeurs,0.0203783925868
category/Auto Parts & Supplies,0.0203644347603
category/Formal Wear,0.019915622274
category/Pet Boarding/Pet Sitting,0.0198700955314
category/Szechuan,0.019799795031
cities/Tempe,0.0196842133781
cities/Gold Canyon,0.0196547048234
cities/Lasalle,0.0196301408074
category/Optometrists,0.0195275471836
category/Men's Clothing,0.0194375274578
category/Hot Tub & Pool,0.0194258891335
category/Mountain Biking,0.0193657315425
cities/Munhall,0.0192727670122
category/Pizza,0.0190348153667
category/Salvadoran,0.0189803129375
category/Barre Classes,0.018503625571
category/Pool Halls,0.0182424659162
category/Mortgage Brokers,0.0181168742815
category/Elementary Schools,0.017960645509
category/Education,0.017894072791
category/Middle Schools & High Schools,0.0178479953614
category/Baby Gear & Furniture,0.0178032089282
category/Opera & Ballet,0.0176047041511
category/Fondue,0.0172808301875
cities/Nellis AFB,0.0171285491923
category/Flowers & Gifts,0.0166953078292
category/Pet Stores,0.0160872516695
category/Modern European,0.0160365232944
category/Massage Schools,0.0158867257771
category/Flight Instruction,0.0158866315799
category/Bridal,0.0158791380749
category/Piano Bars,0.0156649202492
category/Beer Bar,0.0156595477161
cities/Huntersville,0.015636154519
category/Archery,0.0154707165316
cities/Le Sud-Ouest,0.01544884691
category/Limos,0.0153730103891
cities/Lower Lawrenceville,0.0153035795197
cities/Verdun,0.0151571188943
category/Flea Markets,0.0151408052695
cities/Fort McDowell,0.0146328307161
cities/Fountain Hills,0.0146020177742
category/Periodontists,0.0145414183137
cities/Youngtown,0.0143188432313
category/Endodontists,0.0140370619549
category/Photography Stores & Services,0.0140319367806
cities/Mesa ,0.0139223085961
cities/Pittsburgh/Waterfront,0.0138063903385
category/Butcher,0.0137875074752
category/Laotian,0.013710992159
cities/Sedona,0.013454310597
category/Massage Therapy,0.0134328172107
category/Bartenders,0.0133131362
category/Burmese,0.0132812383887
cities/Black Canyon City,0.01308016568
category/Scandinavian,0.0129622251149
category/Cheese Shops,0.0128493042934
category/Florists,0.0128077730792
category/General Litigation,0.0125739566712
category/Radio Stations,0.0123545578569
category/Chiropractors,0.0121042864846
category/Party Bus Rentals,0.0120857661333
category/Handyman,0.0119680439391
category/Drugstores,0.0119492121778
category/Boot Camps,0.0119344724058
category/Japanese,0.0117454103552
numReviews,0.0117059448339
cities/N Las Vegas,0.0116804109836
cities/Florence,0.0115448127031
category/Banks & Credit Unions,0.0113857069642
category/Bankruptcy Law,0.0112885841641
category/Boat Charters,0.0112111801832
cities/Goldfield,0.01094161486
cities/L'Île-des-Soeurs,0.0109235883543
category/Magicians,0.0107179918218
category/Divorce & Family Law,0.0104364421846
cities/Kirkland,0.0103652529054
cities/Bellevue,0.0101719056592
cities/Ahwatukee,0.0100808627825
category/Motorcycle Gear,0.0100531179517
category/Swimming Lessons/Schools,0.0099589030249
cities/Sun Lakes,0.00983588437754
cities/Waddell,0.00981532596559
cities/Chomedey,0.00959442525612
yelpingYear/2004,0.00957161259008
category/Art Classes,0.0095210431647
cities/South Queensferry,0.00951801022764
category/Uniforms,0.00951697155118
category/Fast Food,0.00949473335229
cities/McKees Rocks,0.00945758011699
cities/Homestead,0.00937506882082
category/Knitting Supplies,0.00928603666578
category/Gastroenterologist,0.00912757757056
category/Tanning,0.00904895598899
category/Paddleboarding,0.00900683631352
category/Event Planning & Services,0.00899274136488
category/Pet Training,0.00898584929522
cities/Bridgeville,0.00892896654239
category/Cocktail Bars,0.00888371414455
cities/Beaconsfield,0.00874941725322
category/Traditional Chinese Medicine,0.00869025219202
category/Hobby Shops,0.00867514055013
category/Herbs & Spices,0.00863642993394
cities/Buckeye,0.00861103744054
category/Truck Rental,0.008584650075
cities/North Las Vegas ,0.00853911595657
category/Rugs,0.00834012973677
category/Australian,0.00813887238482
cities/Montéal,0.0080956168025
category/Hair Removal,0.00805455386023
cities/Communauté-Urbaine-de-Montréal,0.00803422160845
category/University Housing,0.00800569716354
cities/Lachine,0.00791216767293
category/Face Painting,0.00789511359651
numFriends,0.00777290196644
category/Building Supplies,0.00766080700094
cities/Swissvale,0.00746845023512
category/Men's Hair Salons,0.00737008721436
category/Malaysian,0.00736459842777
cities/Paradise,0.00732978450139
category/Singaporean,0.00732495268057
category/Castles,0.0072610863397
category/Fruits & Veggies,0.00702624104106
category/Dance Schools,0.00698401745029
category/Acupuncture,0.00697504517293
cities/San Tan Valley,0.00695244573977
category/Persian/Iranian,0.0069372512817
category/Bed & Breakfast,0.00675646320872
cities/Greenfield Park,0.00666985171342
category/Home & Garden,0.0066532842138
cities/Columbus,0.00649358819655
cities/Dollard-des-Ormeaux,0.00642054108452
category/Battery Stores,0.00641058756636
category/Embroidery & Crochet,0.00631898103839
category/Guest Houses,0.00627606888517
category/Tennis,0.00618425328821
category/Plus Size Fashion,0.00613106737676
category/Art Schools,0.00612957147754
cities/Saint-Laurent,0.00612303515928
cities/Chateau,0.00602398425582
category/Disc Golf,0.00592130880413
cities/Belmont,0.00588835679282
category/Sporting Goods,0.00588294269506
category/Personal Chefs,0.00581788602595
category/Jewelry Repair,0.00580601904024
cities/De Forest,0.00576957949565
category/Trinidadian,0.00573028539128
category/Egyptian,0.0057245540105
cities/Sainte-Ann-De-Bellevue,0.0056588692075
category/Musical Instrument Services,0.00563015270332
category/Blow Dry/Out Services,0.00562579169836
cities/Litchfield Park ,0.00559594730851
category/Karaoke,0.00553206511867
cities/Oakland,0.00542776375916
cities/Wittmann,0.00542220541161
cities/Whitehall,0.00542000922546
cities/Quebec,0.00539562839139
cities/Cambridge,0.00538017806253
cities/Sharpsburg,0.00537903381208
cities/Montréal-Ouest,0.00535425376069
category/Beer Gardens,0.00523608177261
cities/Ingram,0.00523260016173
cities/Eggenstein-Leopoldshafen,0.00520357427878
category/Accountants,0.00515545741412
cities/Millvale,0.00503093422526
cities/Mount Lebanon,0.00492217955871
category/Nanny Services,0.00486810285042
numReviewsYear/2004,0.00473043624836
category/Fire Protection Services,0.00472428993177
cities/Banksville,0.00469089089663
cities/Cottage Grove,0.00468306866018
category/Educational Services,0.00459628033234
cities/Sainte-Anne-de-Bellevue,0.00456107786162
cities/Saint Jacobs,0.00453361382373
cities/Desert Ridge,0.00452133389806
cities/Green Tree,0.00450701092455
category/Web Design,0.00443507177214
category/Piano Services,0.00442388202425
cities/Blainville,0.00440424229593
cities/Newberry Springs,0.00428365004003
cities/Sainte-Therese,0.00421676366197
cities/Sainte-Anne-De-Bellevue,0.00407674547273
category/Pilates,0.00405481455657
cities/Henderson (Stephanie),0.00380924065364
cities/Dormont,0.00372723997707
cities/Savoy,0.00369875293893
cities/Cramond Bridge,0.00369797500379
category/Gift Shops,0.00367761132661
category/Business Law,0.00366059154291
category/Auto Glass Services,0.00360777144602
cities/Saguaro Lake,0.00360526230254
cities/South Hills,0.00350932380615
cities/Rankin,0.00348255790089
cities/La Prairie,0.00346069826149
cities/Mount Holly,0.00345608578308
category/Cardiologists,0.00345137766508
category/Iberian,0.00344120744932
category/Curry Sausage,0.00335092905305
category/Neurologist,0.00327452359025
category/Tanning Beds,0.00326292605969
category/Commercial Real Estate,0.00320400014354
category/Advertising,0.00304957837922
cities/Coolidge,0.00302785243634
cities/Tonto Basin,0.00298699209999
category/Day Camps,0.0028896096224
category/Pop-up Shops,0.00281003380853
category/Basketball Courts,0.00275139532086
category/Osteopathic Physicians,0.00273521525285
cities/Loanhead,0.00273007387223
category/Kitchen & Bath,0.00272512907684
cities/Montréal-Nord,0.00267849444965
category/Towing,0.00266958823635
category/International,0.00260137059601
category/Public Plazas,0.00259007303397
cities/Braddock,0.00257341756588
category/Bangladeshi,0.00256330907455
cities/Ft. Mill,0.00254681678016
cities/Henderson, NV 89074,0.00253835460708
category/Discount Store,0.00252987224506
category/Permanent Makeup,0.00247678678882
category/Izakaya,0.00246985467622
cities/Pierrefonds,0.00246754093032
cities/Vimont,0.00240780914113
cities/Cote-des-Neiges-Notre-Dame-de-Grace,0.00239941767027
category/Pub Food,0.00238195315439
cities/Pittsburg,0.00233704896887
category/Fabric Stores,0.00223718515122
cities/Roxboro,0.00222722562003
category/Rheumatologists,0.00218854578891
cities/Rosemère,0.00214220673754
cities/Robinson Township,0.00214151854039
category/Soul Food,0.00212433318578
category/Courthouses,0.00212237262329
category/Property Management,0.00211507823631
category/Television Stations,0.00205175565041
cities/Mint Hill,0.00202053763463
category/Orthopedists,0.00194134363568
category/Mailbox Centers,0.00192495775001
category/Life Coach,0.00190795416063
category/Toy Stores,0.00190031238712
category/Tai Chi,0.00176575947082
category/Race Tracks,0.00175908017632
category/Junk Removal & Hauling,0.00173359658565
category/Gymnastics,0.00162201395107
cities/Stoughton,0.00161696747654
cities/South Las Vegas,0.00161414001591
cities/Mcfarland,0.00161401941362
category/Screen Printing,0.0016087884788
category/CSA,0.00159227209251
cities/Waxhaw,0.00158153426897
category/Nail Salons,0.0015804245864
cities/Conestogo,0.00152419477558
category/Special Education,0.00152352197522
category/Payroll Services,0.00151673962122
category/Local Flavor,0.00150063097236
cities/Etna,0.00143229592063
cities/Rio Verde,0.00138857166003
category/Horse Boarding,0.00137135861178
category/Recycling Center,0.0012959864261
cities/NELLIS AFB,0.00129354794619
category/Personal Assistants,0.00129298389445
cities/Crafton,0.00125449703053
category/Home Inspectors,0.00124673773607
cities/St Jacobs,0.00123519412125
cities/Fountain Hls,0.00122298803509
category/Martial Arts,0.00121487450057
cities/Rosemere,0.00121291885704
category/Ear Nose & Throat,0.00114450719702
category/Clowns,0.00109089670706
cities/Charlotte (University),0.00108809789771
cities/LaSalle,0.00101104118814
category/Auto Detailing,0.000977461789095
cities/Henderson and Las vegas,0.000915437325645
category/Retirement Homes,0.000897290849254
category/Car Stereo Installation,0.0008678855968
category/Child Care & Day Care,0.00086586893973
cities/Bethel Park,0.000863544720581
cities/Ratho,0.000847969087225
cities/Dravosburg,0.000843488677493
cities/Saint-Leonard,0.000802476830841
cities/Squirrel Hill,0.000761978208872
cities/North Scottsdale,0.000761280219683
cities/Straiton,0.000758352272779
category/Family Practice,0.000755098100358
cities/Mount Washington,0.000748278622794
cities/Stockbridge,0.000719747627396
cities/Stanfield,0.000716955933248
category/Paintball,0.000686334995602
category/Prosthetics,0.000676426086585
cities/Scotland,0.000674516604195
cities/Whitney,0.000664299188932
cities/Deux-Montagnes Regional County Municipality,0.00064207170585
cities/L'Île-Bizard,0.000620260777178
category/Surf Shop,0.000615273725859
category/Vacation Rental Agents,0.000473288713849
category/Career Counseling,0.000457022678462
category/Teppanyaki,0.000456992437966
category/Belgian,0.00043445458196
category/Motorcycle Rental,0.000412505264576
category/Flowers,0.000349871577937
category/Horse Racing,0.000348250827624
cities/Edgewood,0.000346393557363
cities/Le Vieux-Port,0.000276811554789
category/Lighting Fixtures & Equipment,0.000259146216171
cities/Mirabel,0.000234573761248
category/Video/Film Production,0.000190853423549
cities/Saint-Hubert,0.000185002341446
cities/Las Vegas ,0.000160699684953
category/Pretzels,0.000158430971403
cities/Allegheny,0.000157709036153
cities/Saint-laurent,0.0001567736941
cities/Boisbriand,0.000153714300913
cities/W Spring Valley,0.000153363360335
category/Oriental,0.000145941412379
cities/Saint-Eustache,0.000123159222272
cities/Roslin,8.27518791417e-05
cities/Mt Lebanon,7.31566664656e-05
category/Home Staging,5.96111755165e-05
category/General Festivals,3.08678958739e-05
cities/Old Montreal,2.89397159029e-05
category/Endocrinologists,9.23317748315e-06
cities/Mt. Oliver Boro,7.07025665431e-06
cities/Nellis Air Force Base,6.93691246335e-06
cities/1023 E Frye Rd,-1.85181702219e-05
category/Pole Dancing Classes,-3.64048328338e-05
cities/Newington,-4.08755148759e-05
cities/chandler,-4.26691048626e-05
cities/Mascouche,-4.56466363942e-05
cities/Stutensee neuthard,-4.83020638944e-05
cities/Stowe Township,-4.92864134779e-05
category/Golf Equipment Shops,-5.1543944414e-05
cities/Jockgrim,-5.21889302981e-05
cities/South Gyle,-5.48094411483e-05
cities/Montreal-West,-5.52672447124e-05
cities/Hagenbach,-5.6665431142e-05
category/Customized Merchandise,-5.84945949641e-05
cities/Baie-D'urfe,-6.4990429882e-05
cities/Bloomfield,-7.7413106155e-05
cities/Surprise Crossing,-8.98539454477e-05
cities/Arlington,-9.41311399918e-05
cities/Bocholt,-9.67633933067e-05
cities/Delmont,-0.000100489775664
category/Mosques,-0.000110429939685
category/Boat Repair,-0.000111556261935
cities/Montreal-Ouest,-0.000125576307476
cities/Tucson,-0.000132988171242
cities/Deux-Montagnes,-0.000136189132525
category/Hang Gliding,-0.000139171442425
category/Beverage Store,-0.000141955270639
cities/Mount Royal,-0.000148014255646
cities/Nboulder City,-0.000149562039926
cities/Southside Flats,-0.000149881601343
cities/Inverkeithing,-0.000162507780711
category/High Fidelity Audio Equipment,-0.000162851403927
category/Serbo Croatian,-0.000165197527516
cities/Terrebonne,-0.000167380189546
cities/LAS VEGAS,-0.000169081947437
cities/Victoria Park,-0.000170587144769
category/Haitian,-0.000172075021034
cities/Chandler-Gilbert,-0.000172436662025
cities/St. Jacobs,-0.000184723662622
category/Eastern German,-0.000184912808847
category/Lice Services,-0.000187340141508
cities/Dollard-Des Ormeaux,-0.000194353747001
category/Bike Sharing,-0.000196143658263
category/Currency Exchange,-0.000205340402613
category/Psychologists,-0.000211875686343
category/Doulas,-0.00021189597871
cities/Metro Phoenix,-0.000219443482717
category/Walk-in Clinics,-0.000221703371244
cities/Charlotte ,-0.00022759247638
category/Firearm Training,-0.000231919374903
cities/Durmersheim,-0.00025388292832
category/Religious Schools,-0.000261615607142
category/Real Estate Law,-0.000261653817703
category/Gutter Services,-0.000263608863244
cities/Upper Saint Clair,-0.000265007728216
cities/Water of Leith,-0.000274320201376
cities/Scottsdale, Phoenix, Chandler, Gilbert,-0.000306623950369
cities/Scottdale,-0.000315133214325
category/Legal Services,-0.000325100975198
category/Walking Tours,-0.000326784548832
category/Security Services,-0.000329980837572
category/Registration Services,-0.00033166795299
category/Home Organization,-0.000343651711916
category/Cabaret,-0.000362818374445
category/Car Share Services,-0.000362939277634
cities/Phoenix Sky Harbor Center,-0.000366874662992
category/Donairs,-0.000371201426487
category/Swiss Food,-0.000374060043055
cities/University,-0.000378293649158
cities/Fabreville,-0.000379321835623
cities/Scottsdale Country Acres,-0.000380308454955
cities/Centennial Hills,-0.000383547827895
cities/Bruchsal,-0.000389189366967
cities/Sun City Anthem,-0.000408122370429
category/Fireplace Services,-0.000427442797255
cities/Last Vegas,-0.000434741815269
category/Hot Pot,-0.00043618290312
cities/Fort Mcdowell,-0.000437087353321
cities/Stutensee,-0.000447221272138
category/Meditation Centers,-0.000464682663891
cities/St Clements,-0.000466434952788
category/Sugaring,-0.0004920959945
category/Architects,-0.000495956099659
category/DJs,-0.00050542722074
category/Home Health Care,-0.000533476318889
category/Septic Services,-0.000534225307182
category/Food Tours,-0.000549139513098
cities/Fort mill,-0.000556224767947
cities/Longueuil,-0.000567677066898
cities/Forchheim,-0.00057542279366
cities/Bellvue,-0.000621168680715
cities/Pittsburrgh,-0.000630780938267
category/RV Repair,-0.000641230434025
cities/City of Edinburgh,-0.000641412470494
category/Insulation Installation,-0.00066031860463
category/Rolfing,-0.000662452278453
category/Bartending Schools,-0.000673094466412
category/Shutters,-0.000684111702102
cities/Penicuik,-0.00068805881221
cities/Seattle,-0.000705861246039
category/Immigration Law,-0.000712786614869
cities/Los Angeles,-0.000719360984045
numTips,-0.000722348347327
category/Ski Resorts,-0.000725799333698
category/Ethnic Grocery,-0.000729850871607
cities/Cramond,-0.000733036903341
cities/San Diego,-0.000742122288465
cities/Bapchule,-0.000761154046802
category/Trophy Shops,-0.000764712903148
cities/Lake Las Vegas,-0.000765538290425
category/Boat Dealers,-0.000785897443713
category/Metal Fabricators,-0.000798585738827
cities/N W Las Vegas,-0.00082680709581
cities/New Dundee,-0.000839259211237
category/Hearing Aid Providers,-0.000855700846935
cities/Heidelberg,-0.000861736349496
cities/McFarland,-0.000868352776585
category/Glass & Mirrors,-0.000868500755153
cities/Balerno,-0.000918518626535
category/Private Investigation,-0.000941831599791
cities/Cultural District,-0.000952306986784
category/Officiants,-0.000954652336465
cities/Wörth am Rhein,-0.00101654380002
category/Sports Clubs,-0.00103327787264
category/Uzbek,-0.00105182721571
cities/Deforest,-0.00106071478285
cities/Phoenix-Ahwatukee,-0.00110324528138
category/Chimney Sweeps,-0.00112243857224
category/Middle Eastern,-0.00112262439607
category/Estate Planning Law,-0.00112600604144
category/Matchmakers,-0.00113303093322
category/Water Delivery,-0.00113345931629
cities/Roosevelt,-0.0011483145943
category/Cooking Classes,-0.00117450576943
cities/Ste-Rose,-0.00117595729443
cities/Eagan,-0.00119477959814
cities/Lawrenceville,-0.00120627694255
cities/Rock Hill,-0.00123189752666
category/Dim Sum,-0.00125483081575
category/Wigs,-0.00130303526586
cities/Pittsburgh/S. Hills Galleria,-0.00130536122041
category/Shredding Services,-0.00133444959864
cities/Pointe-Aux-Trembles,-0.00133952521082
category/CPR Classes,-0.0013924142929
category/Employment Law,-0.00142114676536
category/Radiologists,-0.00144822239568
cities/Mont-Royal,-0.00148889245113
cities/Arcadia,-0.00151310322989
category/Costumes,-0.00152751595084
cities/Leith,-0.00152913135087
category/Hospice,-0.00153491230144
cities/Mckees Rocks,-0.0015417209124
category/Valet Services,-0.0016054783371
category/Bail Bondsmen,-0.0016176316827
cities/Maricopa,-0.00162286668556
category/Damage Restoration,-0.00163838410959
cities/Dane,-0.00164591708224
cities/Pointe Claire,-0.0016493726576
cities/Sainte-Thérèse,-0.0016640958969
cities/Luke AFB,-0.00169016175948
cities/Saint Laurent,-0.00169354686484
category/Refinishing Services,-0.00174327828147
category/Oncologist,-0.0017531253045
category/Orthotics,-0.00177395995877
cities/Guadalupe,-0.0018242903981
category/Police Departments,-0.00183792964038
cities/Saint-Lambert,-0.00187624490565
cities/DeForest,-0.00190961604913
cities/Dollard-Des-Ormeaux,-0.00194723770938
cities/Stowe,-0.00196375103235
cities/Pfinztal,-0.00197656987031
cities/Las Vegas East,-0.00200790352628
category/First Aid Classes,-0.00204843185721
cities/London,-0.00213698921571
category/Coffee & Tea Supplies,-0.00217789804357
cities/Firth of Forth,-0.00219574799086
cities/Henderson (Green  Valley),-0.00227946825265
category/Dry Cleaning & Laundry,-0.00229336708065
cities/Tega Cay,-0.00229464760717
category/Firewood,-0.00232024108471
category/Rehabilitation Center,-0.00233663985569
cities/Sun City West,-0.00234482633405
category/Saunas,-0.00239021621768
category/Aquarium Services,-0.00249640454613
category/Psychiatrists,-0.00258376448178
category/Occupational Therapy,-0.00260476618555
category/Tapas Bars,-0.00260589929892
category/Waxing,-0.00264459595676
category/Austrian,-0.00266983059441
category/Social Clubs,-0.00267339763221
category/Food Banks,-0.00269134892319
cities/Sainte-Genevieve,-0.00269865447583
category/Audiologist,-0.0027126013539
category/Medical Transportation,-0.00271632510099
category/Videographers,-0.00271975170536
category/Cultural Center,-0.00272050512203
category/Tex-Mex,-0.00286339503181
category/Telecommunications,-0.00287395145785
category/Wine Tours,-0.00292135455546
category/Language Schools,-0.00293042723234
category/Midwives,-0.00293855832768
cities/McKeesport,-0.00295852588224
category/RV Dealers,-0.00295920660463
cities/PHOENIX,-0.00298699830929
cities/Waunakee,-0.00299414900499
category/Allergists,-0.00301206063175
category/Czech,-0.00304562748295
cities/Castle Shannon,-0.0030603949855
cities/Karlsbad,-0.00306643610598
category/Health Retreats,-0.00315508154766
cities/Clover,-0.00316690666585
category/Private Tutors,-0.00322369702587
cities/Cote-Saint-Luc,-0.00323269044997
category/Beaches,-0.00325393492882
category/Speech Therapists,-0.00326528759312
cities/Middleton,-0.00328909090583
category/Greek,-0.00329157882965
category/Lactation Services,-0.00329965119754
cities/Anthem,-0.00332492296196
category/Shared Office Spaces,-0.00335449728842
cities/Waldbronn,-0.00338767333146
category/Pita,-0.00339051120251
category/Photo Booth Rentals,-0.00340147174008
category/Christmas Markets,-0.00343282808808
category/Hostels,-0.00367653376636
category/Furniture Repair,-0.00385934765463
cities/Allentown,-0.00387320106163
category/Cosmetic Surgeons,-0.00389062054913
category/Solar Installation,-0.00389600206258
cities/Brookline,-0.00394692864861
category/DUI Law,-0.00396552574588
category/Hindu Temples,-0.00398227321075
category/Batting Cages,-0.00400175143337
category/Horseback Riding,-0.0040494519907
category/Adult,-0.00404973729023
localEliteFriends,-0.0040828972406
cities/Bonnyrigg,-0.00418159261266
cities/New Town,-0.00423333290733
cities/Portobello,-0.00425461126163
category/Scuba Diving,-0.00430577335996
cities/Brentwood,-0.00434501659327
category/Powder Coating,-0.00438815553935
category/Drywall Installation & Repair,-0.00439277933651
category/RV Rental,-0.00443483401553
category/Employment Agencies,-0.00446668898059
category/Eyewear & Opticians,-0.00447420665444
cities/Anjou,-0.00452654493301
cities/Ettlingen,-0.00454931330252
category/Cabinetry,-0.00458709907953
category/Recording & Rehearsal Studios,-0.00465924120114
category/Hats,-0.00466916691389
category/Electronics,-0.00471705414733
category/Anesthesiologists,-0.00484129152519
category/Shades & Blinds,-0.00485258778554
category/Gold Buyers,-0.0049445523662
cities/Aspinwall,-0.00510299713364
cities/Carnegie,-0.00513077453223
cities/Henderson ,-0.00518456023613
category/Masonry/Concrete,-0.00520727307479
cities/Lasswade,-0.00528720703741
cities/Weddington,-0.00530852924231
maxNumSlidingReviews,-0.00531080127125
cities/Boucherville,-0.00534793879897
category/Bespoke Clothing,-0.00536086904671
category/Challenge Courses,-0.00538722669337
category/Watch Repair,-0.00542214070243
cities/Monroe,-0.00543686869991
category/Preschools,-0.00544807981284
category/Reiki,-0.00547795172143
category/Synagogues,-0.00548191279371
cities/Pheonix,-0.00552803683983
cities/Tonopah,-0.00554141863253
category/Used Bookstore,-0.00555814631994
category/Bus Tours,-0.00558879021296
cities/Summerlin South,-0.00560755293344
cities/Henderston,-0.00563039057946
category/Office Cleaning,-0.00563233150491
cities/Regent Square,-0.00566834924324
cities/Westmount,-0.0057067641552
category/Libraries,-0.00574492557927
cities/Central Henderson,-0.00591630319636
category/Diving,-0.00595306301978
cities/Mc Kees Rocks,-0.00598584881688
cities/El Mirage,-0.00605581666506
category/Cannabis Clinics,-0.00606095741941
category/Live/Raw Food,-0.00606268662643
category/African,-0.00606704727866
category/Buddhist Temples,-0.00620127614143
cities/Tortilla Flat,-0.00621377704109
cities/Central City Village,-0.00626072861714
cities/Dalgety Bay,-0.00627922687909
category/Test Preparation,-0.00633797609127
cities/Juniper Green,-0.0063586031797
category/Fences & Gates,-0.00640546242862
cities/Bonnyrigg and Lasswade,-0.00648253898597
category/Talent Agencies,-0.00649448711529
category/Buses,-0.00652320585334
cities/Rheinstetten,-0.00660458013775
category/Home Theatre Installation,-0.00660695253017
category/Ukrainian,-0.00662730965889
category/Tutoring Centers,-0.00665086821563
cities/Weingarten,-0.00665431894007
category/Skate Parks,-0.00666389382179
cities/Montreal-Nord,-0.00669090168271
category/Landscape Architects,-0.00672787594221
category/Skydiving,-0.00684258465205
category/Interior Design,-0.00691443583839
category/Hot Air Balloons,-0.00696868055383
category/Irrigation,-0.00701154847638
cities/Downtown,-0.00703943378417
cities/Mattews,-0.00706902442159
category/Pressure Washers,-0.00712324386645
cities/Laveen,-0.00712408457892
category/Wok,-0.00717277853494
cities/Fort Kinnaird,-0.00718084958642
cities/W Henderson,-0.00720268942786
category/Hypnosis/Hypnotherapy,-0.00726112244507
category/Fireworks,-0.00736963719848
category/Vocational & Technical School,-0.00753581561524
category/Pool & Hot Tub Service,-0.00754069352526
category/Fertility,-0.00756750558899
cities/Old Town,-0.00757987182308
cities/Indian Land,-0.00775543955798
cities/C Las Vegas,-0.00778938547835
category/Wineries,-0.00779863031565
category/Kebab,-0.00787793317138
category/Investing,-0.00793606801811
category/Falafel,-0.00807834697133
category/Plumbing,-0.00808693552449
cities/Higley,-0.00822446285181
category/Country Dance Halls,-0.00827792819867
cities/Nellis Afb,-0.00829631762364
cities/Glendale Az,-0.00831774132524
category/Urologists,-0.00840416863453
cities/Spring Valley,-0.00853102809341
cities/Wilkinsburg,-0.00861850541814
category/Barbeque,-0.00865005375403
cities/Sunrise,-0.00866631622934
cities/Carefree,-0.0086787046666
cities/Woolwich,-0.00873277878745
cities/North Queensferry,-0.00901213806792
category/Video Game Stores,-0.0090351091464
category/Furniture Reupholstery,-0.00903600672594
cities/Midlothian,-0.00904153448605
cities/Morristown,-0.00916142138843
category/Auto Loan Providers,-0.00919785860333
category/Laser Tag,-0.00926559747753
category/Antiques,-0.00930781240449
category/Bavarian,-0.00938746258281
category/Data Recovery,-0.00941438943169
category/Check Cashing/Pay-day Loans,-0.00954558400867
category/Framing,-0.00955950758898
category/Boating,-0.00957503384385
category/Tax Services,-0.00993504659517
category/Windshield Installation & Repair,-0.00996692658524
cities/New River,-0.00996729688988
cities/Kitchener,-0.00997171567392
cities/Windsor,-0.0101125132341
category/Summer Camps,-0.0101335831684
category/Pets,-0.0101957566073
category/Used, Vintage & Consignment,-0.0102516810986
cities/W Summerlin,-0.0103225053281
category/Boxing,-0.0103295795198
category/Party Equipment Rentals,-0.0104236466718
category/Pet Groomers,-0.0104599803407
category/Organic Stores,-0.0106824949063
category/Auto Customization,-0.0107137374203
category/Tree Services,-0.0108119315347
cities/Enterprise,-0.0108907743076
category/Sports Bars,-0.0109141531023
category/Home Cleaning,-0.0109686389988
category/Naturopathic/Holistic,-0.011003592183
category/Medical Supplies,-0.0110848668973
category/Pet Services,-0.0111172904829
category/Pasta Shops,-0.011161880705
cities/Concord,-0.0112889548574
category/Books, Mags, Music & Video,-0.0113739838877
category/Souvenir Shops,-0.0113944967848
category/Surgeons,-0.0115645798105
cities/Queensferry,-0.0116758750773
numReviewsYear/2014,-0.0116978824467
category/Fish & Chips,-0.0117779729495
cities/Concord Mills,-0.0120010177433
cities/Harrisburg,-0.0120964599975
category/Pharmacy,-0.0121111676921
category/Baden,-0.0121306604246
category/Funeral Services & Cemeteries,-0.0121986253573
category/Criminal Defense Law,-0.0122550907789
category/Wheel & Rim Repair,-0.0123053819633
cities/Shadyside,-0.0123589293729
category/Hungarian,-0.0123795799905
category/Fishing,-0.0124517123839
cities/Wesley Chapel,-0.0124951793999
category/Campgrounds,-0.0124961507724
category/Windows Installation,-0.0125370684388
category/Surfing,-0.0125909539686
cities/Gila Bend,-0.0126883940915
category/Post Offices,-0.0128175686663
category/Window Washing,-0.012925462532
numReviewsYear/2006,-0.0129323312955
category/Dominican,-0.0129610677885
category/Asian Fusion,-0.012983335864
category/Argentine,-0.0132786908979
category/Propane,-0.0135150284114
category/Recreation Centers,-0.0136598741983
category/Motorcycle Repair,-0.013717061804
category/Auction Houses,-0.0138732605023
category/Basque,-0.0140206175852
category/Laser Hair Removal,-0.0140365897185
category/Sports Wear,-0.014119227776
category/Delicatessen,-0.014302125582
category/Mediterranean,-0.0143044874745
category/Laser Eye Surgery/Lasik,-0.0144958724525
category/Maternity Wear,-0.0145600654538
cities/Dalkeith,-0.0145631719033
numEliteFriends,-0.0145890341271
cities/Mc Farland,-0.0146624097647
cities/Newbridge,-0.0149386959914
category/Musicians,-0.0153599456611
category/Real Estate,-0.0154371028958
category/Shoe Stores,-0.0154855063818
category/Event Photography,-0.0155200237669
category/Patisserie/Cake Shop,-0.0155292391899
cities/Verona,-0.0155366526737
category/Diners,-0.01556728822
category/Shoe Repair,-0.0156483353784
category/German,-0.0158186463417
category/Jewelry,-0.0158401907051
category/Guns & Ammo,-0.0159191290663
numReviewsYear/2012,-0.016035636663
category/Landscaping,-0.0160943525654
category/Psychics & Astrologers,-0.0162990244853
category/Medical Spas,-0.016594187604
category/Nutritionists,-0.0166087626177
cities/Musselburgh,-0.016748195856
category/Halal,-0.0168437550414
category/Diagnostic Imaging,-0.0170034582315
category/Utilities,-0.0170670093522
category/Caterers,-0.0171973307065
cities/Scottsdale,-0.0172692078751
category/Podiatrists,-0.0172857338647
category/Gardeners,-0.0173658692963
cities/Lake Wylie,-0.0173842273011
category/Personal Shopping,-0.0175182712859
category/Financial Advising,-0.0175807382249
category/Amateur Sports Teams,-0.0177193926291
category/Carpet Installation,-0.0178524445563
category/Dog Walkers,-0.0178615629847
category/Session Photography,-0.017976694872
category/Beer Garden,-0.0182944991705
cities/Monona,-0.0183399983329
category/Bookstores,-0.0185294856655
category/Lebanese,-0.0186431462835
numReviewsYear/2011,-0.0186728545242
category/Home Window Tinting,-0.0186989324487
category/Mattresses,-0.0188639241932
category/Airport Shuttles,-0.0189531937074
category/Shanghainese,-0.0190607248082
category/Marketing,-0.0190626650777
category/Counseling & Mental Health,-0.0191535412743
cities/Apache Junction,-0.0194388607895
category/Airlines,-0.0195695176419
category/Polish,-0.0201596140687
category/Indonesian,-0.0201651431225
category/Internet Service Providers,-0.0202235848913
cities/Fitchburg,-0.0202477196311
cities/Green Valley,-0.0203276277252
category/Adult Education,-0.0203927069447
category/Dermatologists,-0.0204442221271
category/Laboratory Testing,-0.0210884153377
category/Smog Check Stations,-0.021090175411
category/Personal Injury Law,-0.0217088511382
category/Pediatric Dentists,-0.0217606694969
category/Door Sales/Installation,-0.0218900813026
category/Swimwear,-0.0219957360942
category/Sports Medicine,-0.0222947379706
category/Religious Organizations,-0.0223050029536
category/Turkish,-0.0223106627952
category/Thrift Stores,-0.0224496415277
numReviewsYear/2010,-0.022519247837
category/Golf Equipment,-0.0226860071888
numReviewsYear/2013,-0.0228560063721
category/Soccer,-0.0230280476692
category/Donuts,-0.0230924972033
category/Videos & Video Game Rental,-0.0232271264146
category/Doctors,-0.0236663631861
category/Body Shops,-0.0241378287778
category/Art Supplies,-0.0241844543396
category/Photographers,-0.0247083727853
category/Trampoline Parks,-0.0251438391393
cities/Tolleson,-0.0251517155677
category/Movers,-0.0252664640771
category/Professional Sports Teams,-0.0253146109369
numReviewsYear/2008,-0.0253872199033
cities/Avondale,-0.0254412548444
cities/Boulder City,-0.0254574941665
category/Cheesesteaks,-0.0263241197156
category/Electronics Repair,-0.0266630363369
category/Colombian,-0.0272744021816
category/Vinyl Records,-0.0276027874665
category/RV Parks,-0.0277169103278
category/Keys & Locksmiths,-0.0277275030997
category/Carpeting,-0.0279842825276
category/Cosmetic Dentists,-0.0283442024996
category/Physical Therapy,-0.0283517146992
category/Churches,-0.0287037596364
category/Hospitals,-0.0288065366875
category/Roofing,-0.0289544661942
category/Himalayan/Nepalese,-0.0289596967375
category/Sushi Bars,-0.0291324723812
category/Driving Schools,-0.0291327079998
category/Internal Medicine,-0.0294368429076
category/Eyelash Service,-0.0296997350565
votesReviewsRatio/cool,-0.0297551141425
category/Arabian,-0.0297781406687
category/Tattoo Removal,-0.0299425443351
category/Office Equipment,-0.029983251086
category/Bistros,-0.0299904362595
category/Painters,-0.0300645040721
category/Watches,-0.0303364139635
numReviewsYear/2005,-0.0304785798689
category/Skin Care,-0.0306383632617
category/Flooring,-0.0307379069176
category/Car Dealers,-0.0307848781865
category/Comic Books,-0.0309475684067
category/Trains,-0.0309667107022
category/Leisure Centers,-0.0311908881604
category/Garage Door Services,-0.0314094663407
category/Go Karts,-0.0316530158263
cities/Litchfield Park,-0.0316705104908
category/Diagnostic Services,-0.0316795551926
category/Russian,-0.0317321202497
numReviewsYear/2007,-0.0319043110804
numReviewsYear/2009,-0.0319369038188
category/Security Systems,-0.032182039028
category/Community Service/Non-Profit,-0.0323082681732
cities/Fort Mill,-0.0323137731386
category/Motorcycle Dealers,-0.0326596215765
category/Luggage,-0.033175115098
category/Candy Stores,-0.0334033059387
category/Auto Repair,-0.0335382817244
category/Adult Entertainment,-0.0336948902069
category/Food Court,-0.0338755890793
category/Public Transportation,-0.0340304884544
category/Scottish,-0.0346273631874
category/Lawyers,-0.0347971534171
category/Couriers & Delivery Services,-0.0351769058177
category/Ethnic Food,-0.0353981711779
cities/Summerlin,-0.0361021419831
category/Pool Cleaners,-0.0362707945005
category/Gas & Service Stations,-0.0363254764146
category/Real Estate Agents,-0.0367591172248
complimentsFansRatio/plain,-0.0368367278487
category/Department Stores,-0.0369235350449
category/Cards & Stationery,-0.0377421552206
category/Hair Stylists,-0.0379740674663
category/Contractors,-0.0381232298881
cities/Stallings,-0.0384319581648
category/Nurseries & Gardening,-0.0387338592868
category/Children's Clothing,-0.0398195498572
cities/Sun City,-0.0402809796989
complimentsFansRatio/profile,-0.0404433961413
category/Afghan,-0.0414983200638
category/Graphic Design,-0.041968240531
category/Real Estate Services,-0.0425398427389
cities/Wickenburg,-0.0426661439938
cities/Indian Trail,-0.0434014719419
category/Portuguese,-0.0434357910965
category/Printing Services,-0.0435311710139
category/Street Art,-0.0443076478664
category/Hookah Bars,-0.0443740796702
category/Reflexology,-0.0446535977668
category/Pawn Shops,-0.0448135757752
category/Cosmetics & Beauty Supply,-0.0452963243777
category/Mobile Phone Repair,-0.0458416496213
category/Ophthalmologists,-0.0458449831129
category/Meat Shops,-0.0462287675767
category/Mass Media,-0.046398057019
category/Carpet Cleaning,-0.0464745073893
category/Print Media,-0.0466516642293
category/Party Supplies,-0.0477589649417
category/Tours,-0.0483184829695
category/Internet Cafes,-0.0485442005668
category/Pest Control,-0.0488397810924
category/Colleges & Universities,-0.0491048228474
category/Music & DVDs,-0.0495239618053
category/Departments of Motor Vehicles,-0.0495801297601
category/Kosher,-0.0495859541866
cities/Queen Creek,-0.0496095097151
category/Vape Shops,-0.0502093562848
cities/Glendale,-0.0502473806913
category/Heating & Air Conditioning/HVAC,-0.050749048079
category/Moroccan,-0.0508791566093
category/Hardware Stores,-0.0510344919045
category/Lakes,-0.0515815853497
category/Transportation,-0.0524400433437
category/Fashion,-0.0526102361659
category/Gun/Rifle Ranges,-0.0529602581109
category/Lingerie,-0.0539534826215
category/Golf,-0.0542270165228
category/Comfort Food,-0.0546373725802
category/Hair Extensions,-0.0550155673418
category/Outdoor Gear,-0.0552628485692
category/Museums,-0.05623307209
category/Financial Services,-0.0562575679654
category/Venues & Event Spaces,-0.0565669280779
category/Television Service Providers,-0.0584878811024
category/Women's Clothing,-0.0586712017943
category/Newspapers & Magazines,-0.0596431164037
category/Thai,-0.059904483906
category/Taxis,-0.0602938693193
category/Chicken Wings,-0.0612721803139
cities/Goodyear,-0.0615793296224
category/Massage,-0.0619077119498
category/Coffeeshops,-0.0625247388946
category/Chinese,-0.0627386973628
category/Italian,-0.0642425943222
category/Insurance,-0.0642665747224
category/Delis,-0.0647281933322
category/Botanical Gardens,-0.0654901117775
cities/Pineville,-0.0656705967315
category/Shipping Centers,-0.0663775684555
category/Train Stations,-0.0664370383413
category/Public Services & Government,-0.0671997912336
cities/Charlotte,-0.0674999011856
category/Resorts,-0.0681666149427
category/Bars,-0.0685268273662
category/Ticket Sales,-0.0687115134764
category/Indian,-0.0708802138865
category/Brasseries,-0.0717953396087
category/Landmarks & Historical Buildings,-0.0721482510619
category/Appliances,-0.0743079887135
category/Appliances & Repair,-0.0744512256504
category/Seafood,-0.0776634218414
category/Swimming Pools,-0.0784453502665
category/Travel Services,-0.08102677411
category/Venezuelan,-0.0837086252442
category/IT Services & Computer Repair,-0.0858420410444
category/Notaries,-0.0870972915118
yelpingYear/2015,-0.0892136464817
category/Leather Goods,-0.089615736894
category/Accessories,-0.0916532263205
fansFriendsRatio,-0.0938446486617
category/Peruvian,-0.094959741868
category/Cantonese,-0.096551038311
category/Computers,-0.101702171071
cities/Matthews,-0.101744542723
category/Professional Services,-0.103586890918
category/Vacation Rentals,-0.104124371185
category/Cuban,-0.108245130657
category/Restaurants,-0.108781129751
cities/Surprise,-0.110673446376
category/Active Life,-0.114759697531
yelpingYear/2006,-0.120164298302
cities/Karlsruhe,-0.122385884931
votesReviewsRatio/funny,-0.123134389404
category/Pakistani,-0.127039614193
cities/Mesa,-0.129751151201
cities/Peoria,-0.134830834357
category/Local Services,-0.134981269607
cities/Las Vegas,-0.136985733981
category/Health & Medical,-0.144507139526
category/Car Rental,-0.146350897642
category/Seafood Markets,-0.151617730559
category/Food,-0.181589406144
category/Automotive,-0.18207681351
category/Chocolatiers & Shops,-0.184769538391
category/Brazilian,-0.196590046921
cities/North Las Vegas,-0.203880028818
category/Casinos,-0.214371916424
cities/Edinburgh,-0.220311137232
category/Beauty & Spas,-0.231935677108
category/Shopping,-0.232613209668
category/Home Services,-0.241267144216
cities/Phoenix,-0.263663137764
complimentsFansRatio/cute,-0.273764059273
complimentsFansRatio/funny,-0.294685428527
complimentsFansRatio/photos,-0.303997381285
yelpingYear/2009,-0.448543578102
cities/Henderson,-0.454731957829
yelpingYear/2007,-0.468348995732
yelpingYear/2008,-0.473192046606
yelpingYear/2010,-0.482959026863
yelpingYear/2011,-0.57545913537
yelpingYear/2012,-0.619030473514
yelpingYear/2013,-0.837937659503
yelpingYear/2014,-1.08119452247
constant,-5.15919920897
