category/Castles,2.05236851461
cities/Water of Leith,1.73454381623
cities/Sainte-Ann-De-Bellevue,1.38840643413
category/Television Stations,1.37358143306
category/Radio Stations,1.30897791816
cities/Stutensee,1.29502272613
cities/Newberry Springs,1.24763014337
eliteFriendsRatio,1.13239649007
cities/Banksville,1.10577495578
cities/Loanhead,1.07659164056
cities/Straiton,0.971749179402
cities/Scotland,0.968215818199
cities/Le Sud-Ouest,0.96319541976
category/Rugs,0.942782191855
cities/Cramond Bridge,0.923172354333
cities/South Las Vegas,0.909821473324
cities/Waddell,0.898700379592
category/Doulas,0.871281801391
cities/Lasswade,0.855465678236
cities/Saint Jacobs,0.824292444345
category/Prosthetics,0.79966266749
category/Beer Garden,0.799315561601
category/Day Camps,0.784525331488
cities/Chomedey,0.751997588556
cities/Chateau,0.740154714785
category/Flight Instruction,0.737211966865
cities/Sainte-Therese,0.7310171288
cities/South Hills,0.72784618785
category/Yelp Events,0.723805038702
category/Print Media,0.708882417533
category/Business Law,0.703809860473
cities/South Queensferry,0.670397275993
cities/Ingram,0.669561687624
cities/Ft. Mill,0.659510467783
cities/Edgewood,0.652708604125
cities/Quebec,0.64521812004
category/Izakaya,0.619287908625
cities/North Las Vegas ,0.610292992947
cities/Conestogo,0.606633173593
cities/Communauté-Urbaine-de-Montréal,0.602461391523
category/Divorce & Family Law,0.59554740604
category/Iberian,0.592735826136
cities/Montréal-Nord,0.591656997227
category/CPR Classes,0.590731005862
cities/New Town,0.590554760501
cities/Henderson, NV 89074,0.588552837446
category/Gastroenterologist,0.587795324353
category/Massage Schools,0.579183844066
cities/Saguaro Lake,0.572695755961
cities/Columbus,0.553573825902
category/Nanny Services,0.549735692305
cities/Blainville,0.547494186335
category/Trinidadian,0.547237790459
cities/Île des Soeurs,0.544390667402
category/Criminal Defense Law,0.541021365472
category/Swimming Lessons/Schools,0.517381831783
cities/Roxboro,0.516601753885
category/Life Coach,0.512950017929
category/Curry Sausage,0.506197749479
category/Vacation Rental Agents,0.501767008302
category/Basketball Courts,0.50155526645
category/General Litigation,0.484742231778
cities/Swissvale,0.482540581962
cities/Eggenstein-Leopoldshafen,0.481374423086
category/University Housing,0.46766221095
cities/Etna,0.46397005871
category/Rheumatologists,0.463310282494
category/Brewing Supplies,0.462403816378
cities/Waxhaw,0.459554521957
category/Beaches,0.458723386982
cities/Wittmann,0.455856026763
cities/Millvale,0.445517786885
category/Estate Planning Law,0.445462535811
cities/Sun Lakes,0.444046448338
category/Rock Climbing,0.44159634043
category/Fire Protection Services,0.439737026924
category/Mailbox Centers,0.437456678865
cities/Litchfield Park ,0.434325291936
cities/Montéal,0.424358162928
cities/Whitehall,0.423897357225
category/Web Design,0.422917594907
category/Accountants,0.418477024565
category/Diagnostic Services,0.413813805214
category/Egyptian,0.412584918149
category/Personal Chefs,0.40877502581
cities/Charlotte (University),0.408733919629
cities/Stoughton,0.401457067666
category/Cafeteria,0.399002281887
category/Paddleboarding,0.393048036194
category/Pop-up Shops,0.391087683567
category/Cooking Schools,0.385990824974
cities/Vimont,0.38241251402
category/Pet Adoption,0.379097540209
category/Dance Schools,0.375884858829
category/Cosmetology Schools,0.373187842883
cities/Old Montreal,0.370790394425
cities/Rosemere,0.369591282541
category/Beer Gardens,0.369413908005
cities/Cote-des-Neiges-Notre-Dame-de-Grace,0.368210402394
category/Periodontists,0.3646204025
category/Speech Therapists,0.363863881815
cities/L'Île-des-Soeurs,0.360994019
cities/Beaconsfield,0.359706857284
category/First Aid Classes,0.358466339298
category/Hindu Temples,0.357211621719
category/Horse Boarding,0.355608599153
category/Animal Shelters,0.349269873927
category/Golf Equipment Shops,0.339576115768
cities/Stockbridge,0.335404407072
category/Bankruptcy Law,0.331598878313
category/Plus Size Fashion,0.32740272577
category/Screen Printing/T-Shirt Printing,0.323837677309
cities/Oakland,0.32258212034
category/Cycling Classes,0.319016854406
category/Public Plazas,0.316735012262
category/Face Painting,0.316396955853
cities/Bonnyrigg and Lasswade,0.313705221742
category/Permanent Makeup,0.307284901142
cities/N. Las Vegas,0.30672926764
category/Registration Services,0.305431368648
category/Glass & Mirrors,0.305415300063
category/Clowns,0.300688657419
category/Horse Racing,0.29703393228
category/Beer Bar,0.29023309852
cities/Youngtown,0.289755112917
category/Kids Activities,0.28770034758
cities/Mount Washington,0.286434188922
cities/Henderson and Las vegas,0.285345240474
cities/Newington,0.285042052288
cities/North Queensferry,0.284519778718
cities/W Henderson,0.281974322754
cities/Allegheny,0.280856265283
category/Weight Loss Centers,0.280250667869
cities/McKees Rocks,0.279939242779
category/Bartenders,0.278326675763
cities/Bellvue,0.277527809309
cities/Mesa ,0.276225147036
category/Electricians,0.275610585332
category/Surf Shop,0.269982183619
category/Art Schools,0.269493430385
category/Orthopedists,0.269383143665
category/Motorcycle Rental,0.265700701254
category/Osteopathic Physicians,0.265415067932
cities/Nellis AFB,0.265123463684
category/Home Health Care,0.259713548715
category/Religious Organizations,0.256709463396
category/Damage Restoration,0.256537138012
category/Singaporean,0.254599795233
category/Spray Tanning,0.252037666447
cities/Ratho,0.249388042661
category/Cardiologists,0.248937904288
cities/De Forest,0.246114661275
cities/Robinson Township,0.244385314974
category/Oral Surgeons,0.243637405904
category/Irish Pub,0.242112059242
cities/St Jacobs,0.240587287708
category/Dance Studios,0.235816234522
category/Education,0.235670011783
category/Airport Lounges,0.231275015799
category/Champagne Bars,0.230158736392
cities/NELLIS AFB,0.228815131723
category/Opera & Ballet,0.228749380778
cities/Lasalle,0.228688324003
category/Hot Tub & Pool,0.22745440684
category/Musical Instrument Services,0.227031263358
category/Retirement Homes,0.226703313004
cities/Cottage Grove,0.226293540636
category/Obstetricians & Gynecologists,0.224519995648
category/Urgent Care,0.223925073043
cities/Waterloo,0.22152568796
category/Car Stereo Installation,0.220437468112
category/Rehabilitation Center,0.217528815795
category/Handyman,0.216775103057
cities/Henderson (Stephanie),0.215938485148
category/Bangladeshi,0.215937183416
category/Bespoke Clothing,0.215386161754
category/Internet Service Providers,0.214628306925
cities/Clark County,0.207376640121
category/Wedding Planning,0.207052007836
category/Parking,0.204247839409
category/Social Clubs,0.203364311081
category/Piano Services,0.202857433147
category/Office Cleaning,0.200053532355
cities/Laval,0.200053489901
category/Mini Golf,0.198561345442
cities/Las Vegas ,0.19761543826
cities/West Mifflin,0.195632047989
cities/Cambridge,0.194348527335
category/Commercial Real Estate,0.191976366804
category/Archery,0.19143396929
cities/Munhall,0.1908545353
category/Truck Rental,0.188684557348
category/Landscaping,0.188559568366
category/Private Tutors,0.186529058596
category/Australian,0.184422893176
cities/Florence,0.18424761544
cities/N Las Vegas,0.182538100003
cities/Greenfield Park,0.18169583775
cities/Henderson (Green  Valley),0.180904507389
category/Optometrists,0.179987154424
complimentsFansRatio/writer,0.178657272092
category/Mortgage Brokers,0.178316912164
cities/Mt Lebanon,0.178306790739
category/Shades & Blinds,0.17787133486
category/Boat Charters,0.177552852459
category/Guest Houses,0.17630634947
cities/Crafton,0.175761192474
category/Advertising,0.173653824772
category/Dog Parks,0.171943028204
cities/Rankin,0.171700388942
category/Bikes,0.171640081627
category/Endocrinologists,0.171236017654
category/Food Tours,0.169868925659
cities/Bridgeville,0.168172845552
category/Boot Camps,0.168078411496
category/Piercing,0.166985688019
cities/Clover,0.166203284736
category/Falafel,0.165162004489
category/Video/Film Production,0.164844648994
category/Street Vendors,0.164575442041
cities/Kirkland,0.164529329609
cities/Huntersville,0.164034080781
category/Soccer,0.163561569042
category/Laotian,0.163557800051
cities/Champaign,0.163453542467
cities/Lower Lawrenceville,0.163325778465
category/Auto Glass Services,0.162618495905
cities/Tortilla Flat,0.161048168401
category/Bike Repair/Maintenance,0.160419684954
cities/Heidelberg,0.159886605639
category/Building Supplies,0.159687080655
category/Gyms,0.1589966244
cities/San Diego,0.158719371207
category/Banks & Credit Unions,0.157528021532
cities/Mint Hill,0.156039360769
category/Police Departments,0.155216085042
category/Limos,0.154407416765
category/Neurologist,0.154282240546
cities/Rio Verde,0.152385723889
category/Mountain Biking,0.151752706009
category/Martial Arts,0.150284851399
category/Acupuncture,0.149945539051
category/Massage Therapy,0.149893086596
category/Mongolian,0.144431453743
category/Poutineries,0.142050234041
category/Adult,0.140617032175
category/Family Practice,0.139289748623
category/Baby Gear & Furniture,0.139086626652
category/RV Dealers,0.138983600576
category/Yoga,0.13886404487
cities/Madison,0.138833704421
category/Bed & Breakfast,0.138578656173
cities/Centennial Hills,0.138289696483
category/Rafting/Kayaking,0.136960320262
cities/LaSalle,0.136496604984
category/Photography Stores & Services,0.136368612119
category/Dentists,0.135839109234
cities/Braddock,0.135328944057
category/Watch Repair,0.134533975962
cities/W Summerlin,0.13417202753
cities/Pittsburgh/Waterfront,0.13414415995
category/Festivals,0.134123421363
category/Flea Markets,0.133864747032
category/Self Storage,0.133630921581
category/Zoos,0.132688854812
category/Jewelry Repair,0.129566715793
cities/Morristown,0.129210398427
category/Blow Dry/Out Services,0.129186725038
cities/Casa Grande,0.129008092814
category/Arcades,0.127478783872
category/Cupcakes,0.127036299524
category/Wigs,0.126344616466
category/Playgrounds,0.126158734583
category/Farmers Market,0.126027466187
category/Discount Store,0.125868675686
category/Bubble Tea,0.125835932627
cities/Sedona,0.125713746889
category/Barbers,0.125591606192
category/Property Management,0.125189787977
category/Paintball,0.124806301823
category/Food Stands,0.123487157982
category/Formal Wear,0.123104535301
category/Organic Stores,0.120814225309
category/Signmaking,0.120500056721
cities/West Homestead,0.120377578851
category/Wholesale Stores,0.120115165787
category/Hotels & Travel,0.119482284992
cities/Dorval,0.119324133674
category/Currency Exchange,0.119195478832
category/Beer, Wine & Spirits,0.117455999439
category/Airports,0.116996416794
cities/Sainte-Anne-De-Bellevue,0.116102046434
category/Breweries,0.115246112571
category/Day Spas,0.114906867126
category/Videographers,0.114559203392
category/Flowers & Gifts,0.114119826219
category/Fabric Stores,0.114001529956
category/Burmese,0.113955120361
category/Bagels,0.113905725583
category/African,0.113022990166
category/Career Counseling,0.112974558734
category/Pretzels,0.112005353469
category/Elementary Schools,0.111649007397
category/Courthouses,0.110434690517
category/Orthodontists,0.109752347721
category/Hot Pot,0.109738831737
category/Latin American,0.10970174871
category/Distilleries,0.10917389196
category/Car Wash,0.106823983046
category/Nurseries & Gardening,0.10680416798
cities/Lawrenceville,0.106758509283
category/Souvenir Shops,0.105417278451
cities/Green Tree,0.10529418757
category/Gold Buyers,0.10524192143
category/Electronics Repair,0.10504766593
category/Towing,0.104829290853
cities/Paradise,0.104686265827
category/Barre Classes,0.104087975452
category/Printing Services,0.103853173535
category/Tattoo,0.103180555599
category/Cambodian,0.102868562238
category/Motorcycle Gear,0.102548336697
category/Oil Change Stations,0.102166428368
category/Men's Hair Salons,0.100930421125
category/Airport Shuttles,0.100731196743
category/Car Share Services,0.10039493287
category/Malaysian,0.100077404236
category/Outlet Stores,0.0992741860954
category/Food Delivery Services,0.0990117728789
category/Austrian,0.098655797679
cities/Mount Lebanon,0.0984681993558
category/Interior Design,0.0952323666257
category/Dance Clubs,0.0949173830492
category/Bus Tours,0.0947895951221
numReviewsYear/2004,0.0947576039002
category/Mobile Phones,0.0938913006673
cities/Pittsburgh,0.0936822884624
category/Hostels,0.0936523185826
category/Cinema,0.0935444292963
category/Cosmetic Surgeons,0.0931167389695
category/Modern European,0.0925426285613
category/Hiking,0.0923062070554
category/Auto Parts & Supplies,0.0918914457072
category/Food Trucks,0.0914450081431
category/Plumbing,0.0909152501056
category/Salvadoran,0.0901652017184
category/Pet Services,0.0901017176933
category/Uniforms,0.0895842990338
cities/Belmont,0.0892639027175
category/Driving Schools,0.0891406760247
category/Apartments,0.0887727880435
category/Lactation Services,0.0884956610025
category/Home Cleaning,0.0883723496676
cities/Bellevue,0.0882176140983
cities/Desert Ridge,0.0880825386368
yelpingYear/2004,0.087749988758
category/Convenience Stores,0.0875843736375
category/Men's Clothing,0.0874354420302
category/Climbing,0.0868544787297
category/Endodontists,0.0865045199254
category/Tires,0.0863281180754
category/Videos & Video Game Rental,0.085885793184
category/Party & Event Planning,0.0855762175319
category/Arts & Crafts,0.0851670891887
category/Ethiopian,0.0849539269369
category/Recreation Centers,0.0845421871966
category/Ukrainian,0.0845268945125
cities/Le Vieux-Port,0.0832751704386
category/Gastropubs,0.082694120676
category/Nightlife,0.0819864570864
category/Stadiums & Arenas,0.0816790938834
category/Swimwear,0.0802147760331
category/Electronics,0.079898994246
complimentsFansRatio/list,0.0798431564872
category/Disc Golf,0.0795659710387
category/Party Bus Rentals,0.0790401535003
category/Race Tracks,0.0790361811743
category/Dive Bars,0.0790142699928
category/Comedy Clubs,0.0786709047712
category/Bookstores,0.0784857808819
category/Kitchen & Bath,0.0782358768708
category/Framing,0.0781962154143
category/Irish,0.0776863358623
category/Makeup Artists,0.0771559276641
category/Pilates,0.0770882417123
category/Middle Eastern,0.0763303980718
category/Hair Removal,0.0755148343179
category/Bowling,0.0752933354818
category/Specialty Food,0.0746821731154
category/Financial Advising,0.0740500062852
cities/Sun Prairie,0.0740184641696
category/Creperies,0.0739050008067
category/Lounges,0.073889887468
category/Pub Food,0.0738005951219
category/Fondue,0.0736248951795
category/Soup,0.0735536137859
cities/Savoy,0.0734215061408
cities/Black Canyon City,0.0733988671419
category/Furniture Stores,0.0732978020347
category/Landmarks & Historical Buildings,0.0731465952799
category/Shaved Ice,0.0730721775192
category/Medical Centers,0.0722932679571
category/Musical Instruments & Teachers,0.0718587510505
category/Persian/Iranian,0.0717529305044
category/Wine Bars,0.0715911614537
category/Juice Bars & Smoothies,0.0715135522895
category/Southern,0.0710139890004
category/Performing Arts,0.0708580444774
category/Szechuan,0.0707687762166
category/Tobacco Shops,0.0706992169056
category/Hot Dogs,0.0704686866226
category/Outdoor Gear,0.070077203578
category/Burgers,0.06997459682
category/Restaurants,0.0696302953653
category/Tea Rooms,0.0695362468042
category/Personal Injury Law,0.0691071407579
category/Filipino,0.0689028849891
cities/Verdun,0.0688995158081
category/Pet Boarding/Pet Sitting,0.0687384290487
category/Ear Nose & Throat,0.0686710916595
category/Ramen,0.0686430522309
category/Fish & Chips,0.0683018785722
cities/Goldfield,0.0680684921046
category/Car Dealers,0.06800052271
category/Spanish,0.0677019300274
category/Grocery,0.0674518343898
category/Dim Sum,0.0672796786402
category/Gelato,0.067267800648
cities/Tega Cay,0.0670501907369
category/Sewing & Alterations,0.0663873094592
category/Veterinarians,0.0662650880046
cities/Outremont,0.0659628815005
category/Patisserie/Cake Shop,0.0656267334995
category/Buffets,0.0654008437019
category/Pediatricians,0.0653994211483
category/Hawaiian,0.0651372459119
category/Junk Removal & Hauling,0.0644936427892
category/Magicians,0.0640842097153
category/Salad,0.0640124744172
category/Fashion,0.0636725753431
category/Halal,0.0636129491736
category/Pubs,0.0633858889712
category/Nail Salons,0.0623705231034
category/Traditional Chinese Medicine,0.0621775817432
category/Hair Salons,0.0620774107913
category/Gay Bars,0.0618303700941
category/Gift Shops,0.0618221854926
cities/Urbana,0.0616274408756
complimentsFansRatio/hot,0.060668917051
category/Keys & Locksmiths,0.0605597845508
category/General Dentistry,0.0600432491728
cities/Mount Holly,0.0595411882629
category/Hats,0.0592101597883
category/Caribbean,0.0582262583266
category/Cajun/Creole,0.0581486097329
category/Shopping Centers,0.0581383164642
category/Tapas/Small Plates,0.0580800561823
category/Embroidery & Crochet,0.0579891025997
category/Local Services,0.0579755510949
category/Piano Bars,0.0577538981208
category/Coffee & Tea,0.0575104228122
cities/Gilbert,0.057110403646
category/Scandinavian,0.0565167722407
category/Pet Stores,0.0564542846694
category/Event Photography,0.0562841716665
category/Home Theatre Installation,0.0562328728694
category/Skating Rinks,0.0561238145743
category/Home & Garden,0.0554956723559
cities/Montréal,0.055427630997
category/Desserts,0.0552534419397
category/Ice Cream & Frozen Yogurt,0.0552520235088
category/Butcher,0.0552040699183
category/Payroll Services,0.0551250531007
category/Do-It-Yourself Food,0.0546659734907
category/Jazz & Blues,0.0543919914171
category/Jewelry,0.0543557202497
category/Belgian,0.0541439197443
category/Art Galleries,0.0541344031708
category/Knitting Supplies,0.0540795345579
cities/Summerlin South,0.0538815157307
cities/Gold Canyon,0.053037409593
category/Mattresses,0.0526824419691
category/Cafes,0.0525459849216
category/Comic Books,0.0522777239193
cities/Montreal,0.051966655852
complimentsFansRatio/more,0.0515517889164
category/German,0.0510599666591
category/Sandwiches,0.0506436386165
category/Soul Food,0.0503773611666
category/Arts & Entertainment,0.0501885049852
category/Vietnamese,0.0494313639332
category/Battery Stores,0.0488132814432
category/Meat Shops,0.0485491052938
category/Cheese Shops,0.0478012900648
cities/Charlotte,0.0476973733835
category/Trainers,0.047318558853
cities/Anjou,0.0469861396126
category/Vape Shops,0.0466766362993
cities/Buckeye,0.0465778996736
category/Skin Care,0.0463159584449
category/Greek,0.0460469816038
category/Cocktail Bars,0.0455548711458
category/American (New),0.0454669922482
cities/Sun City West,0.0452087438268
category/Steakhouses,0.0451509255794
category/Gluten-Free,0.0449380882266
category/French,0.0449260759436
cities/Concord,0.0448619671898
category/Shipping Centers,0.0446591626388
cities/Pointe-Claire,0.0444826697937
category/Gardeners,0.0444673399628
category/Taiwanese,0.0443648804024
category/Health Markets,0.0439621496318
category/Bakeries,0.0438755276099
category/Party Equipment Rentals,0.0437869378638
category/Bridal,0.0432830053466
category/Event Planning & Services,0.0431700069256
category/Summer Camps,0.0431370167608
cities/Lake Las Vegas,0.0429408910601
category/Aquariums,0.0425754658664
category/Amusement Parks,0.0424902072684
cities/Montréal-Ouest,0.0424817455245
category/Costumes,0.0421801532945
category/Indian,0.0419172603784
category/Lebanese,0.0416491336508
category/Public Transportation,0.039431510865
category/Mexican,0.0390046798322
category/Canadian (New),0.0380089027168
category/Fast Food,0.0377699858044
category/Korean,0.0375618184951
category/American (Traditional),0.0368257182654
category/Music Venues,0.0366034545827
category/Candy Stores,0.0365932931925
cities/Sharpsburg,0.0361381878751
cities/Avondale,0.0354675648538
fans,0.0353624565895
category/Asian Fusion,0.0351143235822
category/British,0.0350791427286
cities/San Tan Valley,0.0349520285635
category/Turkish,0.0347007183563
category/Tapas Bars,0.0346215390854
category/Pizza,0.0343544266746
category/Breakfast & Brunch,0.0339297571638
category/Resorts,0.0337848101231
category/Vegan,0.0336651235528
category/Home Decor,0.0336187373116
category/Officiants,0.0331897988758
category/Fruits & Veggies,0.0330254117046
category/Tax Services,0.032836123137
category/Live/Raw Food,0.0327690928267
cities/Cave Creek,0.0325973684136
category/Massage,0.0325311442889
category/Cheesesteaks,0.0322988228262
cities/Stanfield,0.032266626716
category/Japanese,0.0319247831541
cities/Brossard,0.0311275312218
category/Argentine,0.0309341398936
category/Post Offices,0.0305792627748
category/Brasseries,0.0301979475466
category/Gun/Rifle Ranges,0.0296684063239
category/Vegetarian,0.029340457329
cities/Fountain Hills,0.0286589676904
category/Public Services & Government,0.0284283293609
category/Pool Halls,0.0284186217379
category/Guns & Ammo,0.028003207012
category/Personal Assistants,0.0277262568146
category/Women's Clothing,0.0275943385067
category/Diners,0.0274731488047
category/Movers,0.0273569077638
category/Tanning Beds,0.0272857343717
category/Adult Entertainment,0.0269300685092
category/Sports Bars,0.0265888159711
cities/Lachine,0.0259752953581
category/Dermatologists,0.0256576094796
category/Auto Repair,0.0256227447992
cities/Middleton,0.0255151269908
category/Transportation,0.0254783976275
category/Libraries,0.0246965154154
cities/Coolidge,0.0246365185266
category/IT Services & Computer Repair,0.0242939947473
cities/Las Vegas,0.0242544719138
category/Used, Vintage & Consignment,0.0240756870541
complimentsFansRatio/cool,0.024007512031
category/Shoe Stores,0.0237248026588
category/Caterers,0.023435989607
category/Basque,0.0230837028232
category/Active Life,0.022746126564
category/Wineries,0.0226525879521
cities/Scottsdale,0.0216113821417
category/Chiropractors,0.0211245056218
category/Tex-Mex,0.0202073498752
category/Sushi Bars,0.0198712269323
numReviewsYear/2015,0.0198402638163
category/Herbs & Spices,0.0196784551415
category/Venues & Event Spaces,0.0194856891638
category/Bike Rentals,0.0191757803133
category/Shared Office Spaces,0.018185514997
category/Musicians,0.0181764556468
category/Auto Detailing,0.0180108688523
category/Barbeque,0.0172807529212
category/Books, Mags, Music & Video,0.0160827123264
category/Windshield Installation & Repair,0.0160001752066
category/Trains,0.0157061625969
category/Hobby Shops,0.0156453587504
category/Museums,0.0156442379753
category/Thai,0.0154315194489
category/Seafood,0.0148673442594
category/Hotels,0.0147125781596
category/Hair Stylists,0.0143320131006
category/Flowers,0.0137286923268
category/Drugstores,0.0134410534599
category/Italian,0.0129883746
category/Karaoke,0.0126386250618
category/Mediterranean,0.0123558969666
category/Chinese,0.012059820388
cities/Dane,0.0119932013073
category/Smog Check Stations,0.0119231569083
category/Coffee & Tea Supplies,0.0119158722817
category/Toy Stores,0.0118236161935
category/Doctors,0.011666562824
category/Photo Booth Rentals,0.0116402300527
category/Music & DVDs,0.011614050057
category/Portuguese,0.0113839189448
category/Parks,0.011229250727
category/Delis,0.0109232938636
category/Pet Training,0.010585020774
complimentsFansRatio/note,0.0100631997137
cities/Chandler,0.0100510784804
cities/Fort Mill,0.00924666091819
cities/Saint-laurent,0.00909854408212
cities/Goodyear,0.00902796118743
category/Cosmetics & Beauty Supply,0.00896479024559
cities/North Scottsdale,0.00860723555125
votesReviewsRatio/useful,0.0084139096373
category/Airlines,0.00823497878263
category/Ethnic Food,0.00804875587812
category/Cultural Center,0.00671476050762
numReviewsYear/2006,0.00634511663334
category/Sports Wear,0.00542282353416
category/Carpet Installation,0.00484532184131
category/Pet Groomers,0.00467120876497
category/Nutritionists,0.00419645903303
category/Sports Clubs,0.00367570229271
cities/Roslin,0.00353650547406
category/Professional Sports Teams,0.00350927231905
numReviews,0.00303544704459
numFriends,0.00222791117854
category/Recycling Center,0.00211514175411
cities/Cramond,0.00200230978811
cities/Fountain Hls,0.0019803527645
category/Eyelash Service,0.00192530638913
cities/Tempe,0.00155536524549
category/Chicken Wings,0.00137456568901
category/Tanning,0.00109173245273
category/Lakes,0.000805661507526
category/Oriental,0.000740531816212
cities/Deux-Montagnes Regional County Municipality,0.000640226697893
cities/Saint-Eustache,0.00041537402424
category/Thrift Stores,0.000395580864386
cities/Mirabel,0.000294606998195
cities/Saint-Hubert,0.000289838391003
category/Meditation Centers,0.000134209988789
category/Insulation Installation,0.000131328518703
cities/Scottdale,7.53549458486e-05
category/Himalayan/Nepalese,6.48410971227e-05
category/Gutter Services,4.34126405905e-05
category/Lice Services,2.30167831436e-05
cities/Surprise Crossing,1.36835365886e-05
category/Home Staging,1.25069846777e-05
cities/Arlington,8.79003831848e-06
cities/1023 E Frye Rd,4.25091893268e-06
category/Walk-in Clinics,2.97747745483e-06
cities/Montreal-Ouest,2.51774407062e-06
cities/Nellis Air Force Base,2.29367523489e-06
category/High Fidelity Audio Equipment,1.65602048064e-06
cities/Mt. Oliver Boro,1.25373815461e-06
cities/South Gyle,-1.56676054428e-06
category/Pole Dancing Classes,-1.71926110754e-06
cities/chandler,-1.96018394759e-06
cities/Baie-D'urfe,-2.28872283555e-06
cities/Stowe Township,-2.6922036856e-06
cities/Mascouche,-2.98222632968e-06
cities/Montreal-West,-3.18892053016e-06
cities/Stutensee neuthard,-3.56818971854e-06
cities/Jockgrim,-3.90048455563e-06
category/Customized Merchandise,-4.82995046268e-06
category/Legal Services,-5.67956589237e-06
cities/Delmont,-5.91104848187e-06
cities/Bocholt,-6.6871957723e-06
cities/Dollard-Des Ormeaux,-6.90440441376e-06
category/Serbo Croatian,-7.20505760565e-06
cities/Deux-Montagnes,-7.60923839325e-06
category/RV Repair,-8.33395880296e-06
numTips,-9.87602867637e-06
cities/LAS VEGAS,-1.16926468329e-05
category/Bike Sharing,-1.55372021365e-05
category/Psychologists,-1.94055342461e-05
cities/Mount Royal,-1.96142471779e-05
cities/Chandler-Gilbert,-2.03486327885e-05
cities/Hagenbach,-2.07970364902e-05
category/Sugaring,-2.10605605317e-05
category/Eastern German,-2.4634902803e-05
cities/Southside Flats,-2.53350738348e-05
category/Firearm Training,-2.60079636048e-05
category/Cabaret,-2.74791813666e-05
category/Security Services,-2.76751923989e-05
category/Mosques,-2.93190062806e-05
category/Haitian,-2.94110343394e-05
cities/Tucson,-3.27137072251e-05
cities/Terrebonne,-4.57058220627e-05
cities/Durmersheim,-5.28876315624e-05
cities/Metro Phoenix,-6.0339828365e-05
cities/Charlotte ,-6.89951559862e-05
cities/Scottsdale, Phoenix, Chandler, Gilbert,-7.13904103653e-05
cities/Last Vegas,-7.19445238743e-05
category/Shutters,-7.69550562348e-05
cities/St. Jacobs,-8.29593042019e-05
category/Fireplace Services,-8.96040700413e-05
cities/Los Angeles,-0.000133345585389
category/Septic Services,-0.000144160218816
category/Donairs,-0.000169404618783
category/Architects,-0.000188319737848
category/General Festivals,-0.000275007350286
category/Private Investigation,-0.000444779127548
category/Immigration Law,-0.000695958883539
category/Beverage Store,-0.000745282520147
cities/St Clements,-0.000960565216383
category/Florists,-0.00103770243323
localEliteFriends,-0.0013928181811
maxNumSlidingReviews,-0.00149799342247
numReviewsYear/2010,-0.00159060372749
category/Shredding Services,-0.0021058605128
cities/Nboulder City,-0.00223384393286
numReviewsYear/2012,-0.00228258394106
cities/Firth of Forth,-0.00233467464321
category/Motorcycle Repair,-0.002547189496
cities/Ahwatukee,-0.0026143641479
category/Home Organization,-0.00262224030119
yelpingYear/2005,-0.00298396313373
numReviewsYear/2007,-0.00321343234269
category/Eyewear & Opticians,-0.0033720600503
numReviewsYear/2014,-0.00344363199845
numEliteFriends,-0.00353994250151
numReviewsYear/2011,-0.00363309785589
category/Comfort Food,-0.00365552304001
category/Challenge Courses,-0.00369197470499
category/Sporting Goods,-0.0039856942082
numReviewsYear/2013,-0.00418044972751
category/Community Service/Non-Profit,-0.00420924076909
category/Shoe Repair,-0.00426138378044
numReviewsYear/2008,-0.00427144346178
category/Delicatessen,-0.00432839020936
category/Golf,-0.00452504123767
votesReviewsRatio/cool,-0.00513366511524
category/Body Shops,-0.0051471472381
category/Antiques,-0.00566609699059
cities/Pittsburgh/S. Hills Galleria,-0.00599034114563
cities/Pierrefonds,-0.00644367559877
cities/Forchheim,-0.00668625661173
cities/DeForest,-0.00708321917654
category/Uzbek,-0.0071965879844
cities/Wörth am Rhein,-0.00747353320598
category/Ethnic Grocery,-0.00752844459065
numReviewsYear/2009,-0.00776132181184
category/Skydiving,-0.00781388754353
category/Photographers,-0.00781619960856
cities/La Prairie,-0.00790188526556
category/Tours,-0.00794348442083
cities/Westmount,-0.00810204580716
category/Matchmakers,-0.00811165940499
cities/Spring Valley,-0.00831352186127
category/Donuts,-0.00928902519573
category/Hardware Stores,-0.00948679853399
category/Swiss Food,-0.0101377797757
category/Gas & Service Stations,-0.0101696632633
complimentsFansRatio/plain,-0.0109554709973
category/Food,-0.0111354953097
cities/Karlsbad,-0.0112544551711
category/Pets,-0.0113332812167
category/Swimming Pools,-0.0133172906909
cities/Fitchburg,-0.013681423729
cities/Paradise Valley,-0.0143826487541
category/Home Services,-0.0144059101559
category/Hookah Bars,-0.0145613380036
category/Insurance,-0.0148949695549
category/Valet Services,-0.0152284590689
category/Horseback Riding,-0.0153288887373
category/Motorcycle Dealers,-0.0155056569255
category/Botanical Gardens,-0.0157574125109
cities/Sainte-Anne-de-Bellevue,-0.015787664449
category/Bars,-0.0163031316862
category/Teppanyaki,-0.0170203759958
category/Hospitals,-0.0173795129354
category/Waxing,-0.0174205676899
cities/Phoenix,-0.0177122304709
category/Saunas,-0.0178486055748
cities/Higley,-0.0178743835902
category/Department Stores,-0.0181103740245
category/Home Inspectors,-0.0181183131822
category/Cantonese,-0.0185061962504
category/Special Education,-0.0185464455074
category/Tennis,-0.0189230543465
category/Medical Spas,-0.0190149715621
category/Water Delivery,-0.0197734562188
category/Real Estate,-0.0203482822035
category/Metal Fabricators,-0.0205944472826
cities/Glendale,-0.0206205185992
category/Casinos,-0.0217285215148
category/CSA,-0.0223699576078
category/Cooking Classes,-0.0223853153906
category/Heating & Air Conditioning/HVAC,-0.0224935441842
cities/Boisbriand,-0.0226169699925
category/International,-0.0230799481081
category/Peruvian,-0.0234008319454
category/Buses,-0.0234251676271
category/Internal Medicine,-0.0247903587694
fansFriendsRatio,-0.0251751914457
cities/El Mirage,-0.0251815248672
category/Funeral Services & Cemeteries,-0.0267546503049
category/Shopping,-0.0268169287805
category/Physical Therapy,-0.0285650599083
cities/Fort McDowell,-0.0302391290842
category/Scottish,-0.0305305170005
numCategories,-0.0318271153733
cities/N W Las Vegas,-0.0325735709502
category/Contractors,-0.032868032938
cities/Aspinwall,-0.0331658302217
cities/Squirrel Hill,-0.033672862602
cities/Dollard-des-Ormeaux,-0.0340171521255
cities/Old Town,-0.034235750626
cities/Longueuil,-0.0359036589489
cities/Pineville,-0.0366820413662
cities/Carefree,-0.0373006024165
cities/Upper Saint Clair,-0.0375201171638
category/Pasta Shops,-0.0383168681462
category/Anesthesiologists,-0.038649277809
votesReviewsRatio/funny,-0.0388133727255
category/Office Equipment,-0.0398444868711
category/Health & Medical,-0.0400437355597
category/Pakistani,-0.0405106583974
cities/Harrisburg,-0.0415188361621
category/Session Photography,-0.0417690228259
category/Dry Cleaning & Laundry,-0.041878577719
category/Wheel & Rim Repair,-0.0421068921533
category/Moroccan,-0.042165278295
cities/Maricopa,-0.0423336045301
cities/Litchfield Park,-0.0430198817822
cities/Indian Trail,-0.0440684369124
category/Language Schools,-0.044509056777
category/Cards & Stationery,-0.0457015780201
category/Automotive,-0.0457545436378
category/Child Care & Day Care,-0.0462023424673
cities/PHOENIX,-0.0471619866067
category/Fireworks,-0.0476257074979
category/Polish,-0.0479291358074
cities/Dormont,-0.0480095551969
category/Vinyl Records,-0.0481113884173
cities/Verona,-0.0491615582471
category/Accessories,-0.0501276349879
category/Flooring,-0.0502361199569
category/Boxing,-0.050273078112
numReviewsYear/2005,-0.0510565475611
category/Pawn Shops,-0.0517985503385
category/Radiologists,-0.0518082182017
category/Art Supplies,-0.0537560574038
category/Appliances & Repair,-0.0540696544743
cities/Surprise,-0.0543151156624
category/Lighting Fixtures & Equipment,-0.0549232303547
category/Rolfing,-0.0549980986426
cities/Monona,-0.0553690322717
cities/Sun City Anthem,-0.0560431240635
category/Beauty & Spas,-0.056407442084
cities/Mesa,-0.0569237192546
category/Home Window Tinting,-0.0572443266404
category/Dominican,-0.0584868920924
yelpingYear/2006,-0.0587164181604
category/Television Service Providers,-0.0593154422492
category/Chocolatiers & Shops,-0.0598949592383
cities/Bethel Park,-0.0599142789583
category/Laser Hair Removal,-0.0618733148725
category/Bistros,-0.0619392593712
category/Windows Installation,-0.0623119348371
category/Financial Services,-0.0632893317525
category/Pediatric Dentists,-0.0650383980392
cities/Homestead,-0.0653785718662
category/Amateur Sports Teams,-0.0658258883196
cities/Edinburgh,-0.0664389549571
cities/Apache Junction,-0.0675631161909
cities/Gila Bend,-0.0676031773516
cities/Peoria,-0.0676104194014
category/Educational Services,-0.0681016663189
category/Party Supplies,-0.0681726321734
cities/Waunakee,-0.068229848245
complimentsFansRatio/photos,-0.0684773594997
category/Midwives,-0.0698555743588
category/Indonesian,-0.0699226334453
category/Laser Tag,-0.0704450878169
complimentsFansRatio/funny,-0.0715027773476
cities/Mcfarland,-0.0717703282377
category/Car Rental,-0.0718147267705
cities/Fort mill,-0.0718905132576
cities/Matthews,-0.0726230360778
category/Children's Clothing,-0.0729660352513
cities/Indian Land,-0.0733203714135
cities/Pittsburg,-0.0738399079564
cities/Enterprise,-0.0740542712296
category/Shanghainese,-0.0743593980293
cities/Inverkeithing,-0.0756415456487
category/Go Karts,-0.0769709278913
category/Auction Houses,-0.0784037581628
category/Sports Medicine,-0.079704940171
category/Middle Schools & High Schools,-0.0801425097409
cities/Tolleson,-0.0803324154778
category/Luggage,-0.0804581337326
category/Tree Services,-0.0807006179028
category/Brazilian,-0.080888948335
cities/Anthem,-0.0824782407885
category/Bartending Schools,-0.0835282957043
category/Appliances,-0.0858827354473
cities/Queen Creek,-0.086232734658
category/Carpet Cleaning,-0.0894339060294
cities/Carnegie,-0.0894528066253
category/Lingerie,-0.0895290087988
cities/Mc Farland,-0.0917334303247
category/Mobile Phone Repair,-0.0918293057674
cities/Henderson,-0.0925051781425
cities/Ste-Rose,-0.0936753103295
cities/L'Île-Bizard,-0.0943396731589
cities/Saint-Laurent,-0.094371230795
category/Reflexology,-0.0953081089632
cities/Sun City,-0.0956543555982
category/Professional Services,-0.0961993983391
complimentsFansRatio/cute,-0.0974336783288
category/Dog Walkers,-0.0979981271315
cities/Bapchule,-0.0980228156527
cities/Bloomfield,-0.0989693364314
category/Psychiatrists,-0.0989699321804
cities/Mont-Royal,-0.0992477162359
cities/Deforest,-0.100298381863
category/Cuban,-0.101008325097
category/Departments of Motor Vehicles,-0.101547856473
category/Computers,-0.101772972032
cities/Las Vegas East,-0.101961111071
category/Local Flavor,-0.102060215262
category/Watches,-0.102664892026
category/Russian,-0.102825034222
category/Data Recovery,-0.102831476759
yelpingYear/2012,-0.103835918801
category/Kosher,-0.105513504627
category/Fitness & Instruction,-0.106937249433
cities/Central City Village,-0.107764562373
category/Carpeting,-0.108593975263
yelpingYear/2010,-0.108985945182
cities/Summerlin,-0.109436856531
category/Cosmetic Dentists,-0.110657547415
cities/Boulder City,-0.110821301288
yelpingYear/2011,-0.111098554321
yelpingYear/2009,-0.114360007722
category/Podiatrists,-0.11681377685
category/Pest Control,-0.116886539666
category/Art Classes,-0.117574700917
category/Street Art,-0.120225946794
category/Naturopathic/Holistic,-0.121958673288
category/Auto Customization,-0.123037880246
category/Seafood Markets,-0.124133336879
cities/North Las Vegas,-0.125166503916
category/Venezuelan,-0.125492712326
category/Laser Eye Surgery/Lasik,-0.127886680737
category/Coffeeshops,-0.129140256014
category/Afghan,-0.129156588587
yelpingYear/2008,-0.129671846293
category/Hair Extensions,-0.130233369946
category/Scuba Diving,-0.130237636181
yelpingYear/2013,-0.131071012421
yelpingYear/2007,-0.133263262519
cities/Laveen,-0.139039017557
category/Allergists,-0.139090053236
category/Gymnastics,-0.14138685787
category/Colleges & Universities,-0.143176088519
cities/Tonopah,-0.14406518388
category/Real Estate Agents,-0.145754679959
category/Security Systems,-0.146068993484
cities/University,-0.147196657907
category/Notaries,-0.147400609231
category/Ophthalmologists,-0.147590459059
complimentsFansRatio/profile,-0.147747466874
category/Fences & Gates,-0.150376087616
category/Bail Bondsmen,-0.150794298688
category/Adult Education,-0.15100638126
cities/Victoria Park,-0.15110558855
cities/Guadalupe,-0.151118587434
cities/Queensferry,-0.152211351684
category/Employment Agencies,-0.154430736892
category/Walking Tours,-0.154569705557
cities/Monroe,-0.157300754006
category/Travel Services,-0.157914829555
category/Preschools,-0.159579427147
category/Screen Printing,-0.159851805481
cities/Windsor,-0.162846375314
category/Boating,-0.163664684281
category/Hang Gliding,-0.168071599922
cities/W Spring Valley,-0.168315503808
category/Skate Parks,-0.169071690453
yelpingYear/2014,-0.170336062653
cities/Scottsdale Country Acres,-0.171040374395
cities/Stallings,-0.171936955224
cities/Sainte-Genevieve,-0.174122947214
category/Employment Law,-0.177553684347
cities/New River,-0.178093715457
category/Couriers & Delivery Services,-0.184059882873
cities/Saint-Leonard,-0.18532438993
category/Arabian,-0.187213730299
cities/Tonto Basin,-0.18901424482
category/Audiologist,-0.191025634684
category/Window Washing,-0.192053268155
category/Taxis,-0.193585430109
cities/Wickenburg,-0.193651798379
category/Colombian,-0.196937821411
category/Food Court,-0.200873019093
category/Furniture Reupholstery,-0.200908599537
category/DJs,-0.201266972915
category/Religious Schools,-0.20142139276
category/Graphic Design,-0.202059799897
cities/McFarland,-0.202579388485
cities/Saint Laurent,-0.204305455364
category/Real Estate Services,-0.205246082161
category/Internet Cafes,-0.206094049527
category/Garage Door Services,-0.206734011711
cities/Leith,-0.208237351756
cities/Dollard-Des-Ormeaux,-0.208683502327
cities/Seattle,-0.213973728998
category/Telecommunications,-0.216896227236
category/Hot Air Balloons,-0.217725508228
category/Boat Repair,-0.21813506555
category/Diving,-0.218310102402
category/Leisure Centers,-0.231132000262
cities/Stowe,-0.233029738848
category/Pool Cleaners,-0.23882534565
cities/Rosemère,-0.243279560074
cities/Weddington,-0.247363192255
category/Counseling & Mental Health,-0.251300082017
cities/Ettlingen,-0.255383463587
cities/Saint-Lambert,-0.259241795951
category/Wine Tours,-0.261158509381
category/Fishing,-0.262679544414
category/RV Rental,-0.264170250595
cities/Phoenix-Ahwatukee,-0.265112719492
category/Maternity Wear,-0.269913679482
cities/Kitchener,-0.272551967074
cities/Newbridge,-0.273623769003
category/Batting Cages,-0.27674915714
cities/City of Edinburgh,-0.276938309619
cities/Cultural District,-0.277793944372
cities/Phoenix Sky Harbor Center,-0.281987885443
category/Trophy Shops,-0.284853498738
cities/Wesley Chapel,-0.28609272574
category/Occupational Therapy,-0.290684051936
category/Chimney Sweeps,-0.292038959356
cities/Lake Wylie,-0.292173088042
category/Churches,-0.292202541825
category/Vocational & Technical School,-0.294704778722
category/Food Banks,-0.300977462599
category/Marketing,-0.30333343569
category/Drywall Installation & Repair,-0.303522196419
cities/Pointe-Aux-Trembles,-0.305958829436
category/Vacation Rentals,-0.308552420586
cities/Brentwood,-0.310762293474
category/Personal Shopping,-0.313230178042
category/Firewood,-0.316645696535
category/Trampoline Parks,-0.320891900155
category/Video Game Stores,-0.322837602444
cities/Mc Kees Rocks,-0.325166255044
category/Medical Supplies,-0.332851898306
category/Fertility,-0.333994750415
cities/Mckees Rocks,-0.33581080347
category/Boat Dealers,-0.337373493987
cities/Sunrise,-0.343631564366
cities/Fort Mcdowell,-0.348337352626
category/Specialty Schools,-0.34870189149
cities/Pfinztal,-0.35183378391
cities/Pittsburrgh,-0.354522977883
category/Pharmacy,-0.354951688421
cities/New Dundee,-0.358921813332
category/Golf Equipment,-0.359258354939
category/Medical Transportation,-0.363207435703
cities/Shadyside,-0.374633239827
category/Investing,-0.380528593867
category/Pressure Washers,-0.380765667765
category/Country Dance Halls,-0.38322987282
category/Leather Goods,-0.384138918469
category/Oncologist,-0.399604296247
cities/Brookline,-0.415838462605
category/Cabinetry,-0.417516519116
cities/Balerno,-0.41802846742
category/Real Estate Law,-0.42021992553
category/Cannabis Clinics,-0.423776057718
category/Psychics & Astrologers,-0.427020838778
cities/Concord Mills,-0.437188351488
cities/Roosevelt,-0.43872903717
category/Refinishing Services,-0.439613225291
category/Masonry/Concrete,-0.442479547756
cities/Dravosburg,-0.445318824107
cities/Whitney,-0.447748047037
category/Buddhist Temples,-0.452059901841
category/Solar Installation,-0.452215421772
category/Utilities,-0.455039035568
category/Diagnostic Imaging,-0.457265082345
category/Tai Chi,-0.459499027943
cities/Central Henderson,-0.463117307092
category/Surgeons,-0.466637042012
cities/Fabreville,-0.475961632714
cities/Waldbronn,-0.476307602437
category/Lawyers,-0.478641956631
category/Powder Coating,-0.49135807412
cities/London,-0.500311338243
category/Health Retreats,-0.510293971772
cities/Glendale Az,-0.510640709255
cities/Penicuik,-0.512953642524
category/Painters,-0.515344711279
yelpingYear/2015,-0.525183872989
category/Test Preparation,-0.525942738133
category/Propane,-0.533867267881
category/Ticket Sales,-0.54039188282
category/RV Parks,-0.547168069107
cities/Portobello,-0.55256179089
cities/Juniper Green,-0.558547333864
cities/Downtown,-0.56652254629
category/Train Stations,-0.570436748418
category/Aquarium Services,-0.574178160426
category/Orthotics,-0.574881991296
category/Laboratory Testing,-0.57896480458
category/Hungarian,-0.581160128368
category/Tattoo Removal,-0.592885976555
category/Pita,-0.597142262657
category/Recording & Rehearsal Studios,-0.599462412515
category/Hearing Aid Providers,-0.605098784223
cities/C Las Vegas,-0.606183248944
category/Hospice,-0.608426362186
category/Kebab,-0.613317759319
cities/Pheonix,-0.618649823369
category/Reiki,-0.622671112539
cities/Rheinstetten,-0.62356320459
cities/Weingarten,-0.624385757567
cities/Fort Kinnaird,-0.647217435885
category/Irrigation,-0.652895742064
cities/Karlsruhe,-0.665202553632
cities/Pointe Claire,-0.666532449222
cities/Eagan,-0.675939480712
category/Landscape Architects,-0.683051098605
cities/Castle Shannon,-0.71469912598
cities/Sainte-Thérèse,-0.721612062122
cities/Allentown,-0.741731586504
cities/Luke AFB,-0.749617345244
category/Roofing,-0.763272369536
category/Baden,-0.764840565713
cities/Midlothian,-0.802575646244
category/Campgrounds,-0.816692416548
category/Christmas Markets,-0.843950618787
category/Pool & Hot Tub Service,-0.855385453833
category/Furniture Repair,-0.859589412897
category/Hypnosis/Hypnotherapy,-0.879068825771
category/Check Cashing/Pay-day Loans,-0.88826431505
category/Surfing,-0.910491959116
cities/Green Valley,-0.914114260087
cities/Nellis Afb,-0.914487332904
category/DUI Law,-0.943145664867
cities/Rock Hill,-0.944478979379
cities/Arcadia,-0.950929386956
category/Talent Agencies,-0.995987002201
category/Door Sales/Installation,-1.05322113175
cities/Woolwich,-1.07343316979
cities/Musselburgh,-1.09737216323
cities/Dalkeith,-1.10866912672
category/Czech,-1.13797353983
cities/Bonnyrigg,-1.1402279829
cities/Dalgety Bay,-1.14610677434
cities/McKeesport,-1.15166740392
cities/Cote-Saint-Luc,-1.15976962328
category/Ski Resorts,-1.1657029536
category/Synagogues,-1.18407519507
category/Mass Media,-1.21351114029
cities/Regent Square,-1.23065576636
category/Wok,-1.23260628428
category/Bavarian,-1.24097202394
cities/Henderson ,-1.25570188621
cities/Boucherville,-1.31549008107
category/Newspapers & Magazines,-1.32025490831
cities/Bruchsal,-1.42723364623
cities/Mattews,-1.44820574043
category/Urologists,-1.4825869758
constant,-1.50175687573
category/Used Bookstore,-1.54912588592
category/Tutoring Centers,-1.62469730649
cities/Henderston,-1.65341832606
cities/Montreal-Nord,-1.79487672683
cities/Wilkinsburg,-2.04355002566
category/Auto Loan Providers,-5.78592020293
