"category/Castles"	1.37063791561
"category/Television Stations"	1.1406485432
"eliteFriendsRatio"	1.12835002089
"category/Radio Stations"	1.07711220497
"cities/Water of Leith"	0.987516428511
"cities/Sainte-Ann-De-Bellevue"	0.925713747768
"cities/Banksville"	0.886788852822
"cities/Newberry Springs"	0.83725733621
"cities/Waddell"	0.827148612937
"cities/Le Sud-Ouest"	0.801726472766
"category/Rugs"	0.781234623959
"category/Curry Sausage"	0.704769602536
"cities/Saint Jacobs"	0.702796094648
"cities/South Las Vegas"	0.691914293743
"category/Yelp Events"	0.687675052973
"cities/Cramond Bridge"	0.68525829194
"category/Doulas"	0.656381260938
"category/Flight Instruction"	0.649516149586
"cities/Chateau"	0.630860157301
"cities/Chomedey"	0.619612250148
"cities/South Queensferry"	0.596110006342
"category/Business Law"	0.579009928427
"cities/Straiton"	0.568525415096
"cities/Scotland"	0.567106497042
"cities/Sainte-Therese"	0.566760938137
"cities/Ingram"	0.562144358614
"cities/Quebec"	0.557128677202
"category/Izakaya"	0.53550959902
"category/Print Media"	0.524667337006
"category/Gastroenterologist"	0.523404086437
"cities/North Las Vegas "	0.51561470544
"cities/Ft. Mill"	0.514766015458
"cities/Columbus"	0.511988336563
"cities/Île des Soeurs"	0.508220192925
"category/Trinidadian"	0.50605521066
"cities/Montréal-Nord"	0.495030932606
"category/CPR Classes"	0.493418099329
"cities/Stutensee"	0.490633651486
"category/Divorce & Family Law"	0.489313387511
"cities/Henderson, NV 89074"	0.487617112441
"cities/Communauté-Urbaine-de-Montréal"	0.486610056297
"category/Massage Schools"	0.485868074037
"cities/Saguaro Lake"	0.485274212152
"category/Prosthetics"	0.482759533003
"category/Nanny Services"	0.472848689776
"category/Life Coach"	0.471153099277
"cities/New Town"	0.466242629151
"cities/Conestogo"	0.458172069422
"category/Brewing Supplies"	0.443763122637
"cities/Swissvale"	0.434810586309
"category/Swimming Lessons/Schools"	0.432863206933
"category/General Litigation"	0.430248191135
"cities/South Hills"	0.428144570957
"cities/Etna"	0.42197839702
"category/University Housing"	0.421380108711
"cities/Blainville"	0.413839920948
"cities/Waxhaw"	0.412887450715
"cities/Litchfield Park "	0.412455145818
"cities/Edgewood"	0.410057224464
"cities/Sun Lakes"	0.402651458827
"category/Iberian"	0.400828853153
"cities/Millvale"	0.397263520708
"category/Web Design"	0.39560866581
"cities/Roxboro"	0.393610809167
"category/Rock Climbing"	0.392024665029
"category/Estate Planning Law"	0.389786098025
"cities/Wittmann"	0.389486459966
"category/Criminal Defense Law"	0.384503589881
"cities/Stoughton"	0.376097120163
"cities/Whitehall"	0.37163418084
"category/Egyptian"	0.370947953044
"category/Accountants"	0.367396909668
"category/Personal Chefs"	0.364405992561
"category/Cafeteria"	0.362971301171
"category/Beer Gardens"	0.357830679213
"category/Pet Adoption"	0.355298877805
"category/Periodontists"	0.352863634068
"category/Paddleboarding"	0.352006306313
"category/Mailbox Centers"	0.351878581665
"category/Day Camps"	0.345873122264
"category/Rheumatologists"	0.345841994344
"cities/Eggenstein-Leopoldshafen"	0.345101713005
"category/First Aid Classes"	0.344639227055
"category/Basketball Courts"	0.344484907947
"cities/L'Île-des-Soeurs"	0.336182422079
"category/Cooking Schools"	0.33256932548
"category/Vacation Rental Agents"	0.329615405212
"category/Animal Shelters"	0.329121106711
"cities/Loanhead"	0.325012134243
"cities/Beaconsfield"	0.323453155878
"category/Bankruptcy Law"	0.321490850064
"category/Fire Protection Services"	0.320644909527
"cities/Oakland"	0.318777547406
"category/Screen Printing/T-Shirt Printing"	0.318547822405
"category/Plus Size Fashion"	0.30810209027
"category/Beaches"	0.30801560771
"cities/McKees Rocks"	0.307221678512
"cities/N. Las Vegas"	0.305685902175
"category/Cosmetology Schools"	0.304568704557
"category/Pop-up Shops"	0.303417590318
"cities/Montéal"	0.302151509729
"category/Dance Schools"	0.299576331562
"category/Golf Equipment Shops"	0.298186901758
"category/Cycling Classes"	0.298177043012
"cities/Charlotte (University)"	0.297848711369
"cities/Vimont"	0.291971021484
"category/Beer Bar"	0.289287501645
"category/Diagnostic Services"	0.286227689183
"cities/Youngtown"	0.28548120391
"category/Face Painting"	0.281941519211
"cities/Old Montreal"	0.281051650874
"cities/Cote-des-Neiges-Notre-Dame-de-Grace"	0.274758253848
"category/Horse Boarding"	0.274275880763
"category/Permanent Makeup"	0.271775176879
"category/Horse Racing"	0.269232996222
"cities/Mesa "	0.268128871981
"cities/Nellis AFB"	0.267983971983
"category/Kids Activities"	0.267947401474
"category/Damage Restoration"	0.262762925389
"category/Bartenders"	0.261486411519
"category/International"	0.259516319145
"category/Hindu Temples"	0.259460408993
"cities/Mount Washington"	0.256911315166
"cities/Henderson and Las vegas"	0.255506025042
"category/Glass & Mirrors"	0.253310884419
"category/Electricians"	0.252840335651
"category/Beer Garden"	0.252668395261
"category/Weight Loss Centers"	0.252545996874
"category/Registration Services"	0.249213377306
"cities/Lasswade"	0.249077145753
"cities/Rosemere"	0.248556234297
"cities/NELLIS AFB"	0.247010736688
"category/Singaporean"	0.242720867236
"cities/De Forest"	0.239819724884
"category/Orthopedists"	0.235873311873
"category/Spray Tanning"	0.232750670155
"category/Irish Pub"	0.230642548983
"category/Religious Organizations"	0.227340962258
"category/Cardiologists"	0.226980218693
"category/Osteopathic Physicians"	0.226850125115
"category/Hot Tub & Pool"	0.221104427157
"cities/W Henderson"	0.220714360692
"cities/Waterloo"	0.220338566995
"category/Opera & Ballet"	0.220175573489
"category/Airport Lounges"	0.218852544151
"cities/Cottage Grove"	0.218532805348
"category/Oral Surgeons"	0.218426754258
"category/Home Health Care"	0.217627055261
"category/Champagne Bars"	0.217391810283
"cities/Lasalle"	0.217066935971
"cities/Bellvue"	0.215554658944
"category/Dance Studios"	0.213041563894
"category/Public Plazas"	0.211687426013
"category/Car Stereo Installation"	0.211455556653
"category/Education"	0.20896433888
"cities/St Jacobs"	0.207912032605
"cities/Clark County"	0.206413210774
"category/Musical Instrument Services"	0.205522554343
"category/Motorcycle Rental"	0.203481224878
"category/Urgent Care"	0.200908168035
"category/Art Schools"	0.200877404726
"category/Handyman"	0.198870444884
"cities/Laval"	0.198867764405
"category/Internet Service Providers"	0.198824979965
"category/Rehabilitation Center"	0.198787058375
"cities/West Mifflin"	0.19496182396
"category/Bespoke Clothing"	0.192372733328
"cities/Stockbridge"	0.191954887113
"category/Wedding Planning"	0.191299284393
"category/Piano Services"	0.188692872383
"category/Obstetricians & Gynecologists"	0.187788207248
"cities/Ratho"	0.187762834632
"category/Mini Golf"	0.186608027873
"cities/Las Vegas "	0.185786827105
"cities/Florence"	0.185093955092
"category/Office Cleaning"	0.181355349846
"cities/N Las Vegas"	0.180413925932
"category/Archery"	0.179909337219
"category/Parking"	0.179787819615
"complimentsFansRatio/writer"	0.178266684366
"category/Speech Therapists"	0.175548949297
"cities/Cambridge"	0.175288001488
"cities/Munhall"	0.17476432437
"category/Advertising"	0.172397108895
"category/Truck Rental"	0.1718169575
"category/Social Clubs"	0.169089708513
"category/Landscaping"	0.168932051112
"category/Retirement Homes"	0.16812987647
"cities/Greenfield Park"	0.165043093612
"category/Australian"	0.164951694359
"category/Shades & Blinds"	0.163427848303
"category/Boat Charters"	0.162873192173
"category/Surf Shop"	0.160848168321
"cities/Champaign"	0.160667218395
"category/Optometrists"	0.159966658751
"category/Commercial Real Estate"	0.157714719704
"category/Guest Houses"	0.156293581286
"category/Neurologist"	0.155964262889
"category/Piercing"	0.15523808185
"cities/Huntersville"	0.152792954584
"category/Dog Parks"	0.15083425136
"cities/Mint Hill"	0.149342599047
"category/Boot Camps"	0.149159923798
"cities/Allegheny"	0.148102232402
"cities/Lower Lawrenceville"	0.148063056455
"category/Mortgage Brokers"	0.147165092254
"category/Clowns"	0.146886711061
"cities/Rankin"	0.146231844293
"cities/Crafton"	0.145827762017
"category/Bike Repair/Maintenance"	0.145563027994
"category/Street Vendors"	0.145259478418
"category/Limos"	0.144380313367
"cities/Kirkland"	0.144347772901
"category/Bikes"	0.144325051156
"cities/Robinson Township"	0.14418776555
"category/Laotian"	0.143465184469
"category/Building Supplies"	0.142916841944
"cities/Mt Lebanon"	0.14239741748
"cities/Tortilla Flat"	0.141276966453
"category/Falafel"	0.140522327978
"category/Auto Glass Services"	0.139894007976
"category/Gyms"	0.13790721991
"cities/Rio Verde"	0.13778796885
"cities/Madison"	0.13763709711
"cities/Sedona"	0.135754818288
"category/Martial Arts"	0.135120397116
"cities/Bridgeville"	0.133267100797
"category/Video/Film Production"	0.132409498962
"category/Mongolian"	0.131135586017
"category/Signmaking"	0.130725484438
"category/Police Departments"	0.13054978251
"category/Massage Therapy"	0.129957764587
"cities/Casa Grande"	0.129856908012
"cities/Clover"	0.12941772346
"cities/Pittsburgh/Waterfront"	0.127674404261
"category/Rafting/Kayaking"	0.126973595835
"category/Mountain Biking"	0.125806950727
"category/Poutineries"	0.125524492737
"category/Banks & Credit Unions"	0.124981563087
"cities/San Diego"	0.124543693456
"category/Wigs"	0.122499516284
"category/Adult"	0.121256001073
"category/Festivals"	0.121243303218
"category/Flea Markets"	0.120397057394
"category/Food Tours"	0.119573933367
"category/Bed & Breakfast"	0.11917359357
"category/Yoga"	0.1182800983
"category/Zoos"	0.117999304779
"category/Acupuncture"	0.117974801608
"category/Dentists"	0.116709558406
"cities/West Homestead"	0.116360429513
"cities/Henderson (Stephanie)"	0.116217301223
"cities/Morristown"	0.115302738991
"category/Watch Repair"	0.115151021661
"category/Food Stands"	0.114984039748
"category/Cupcakes"	0.114195442423
"category/Self Storage"	0.113581782795
"category/RV Dealers"	0.113526289317
"category/Arcades"	0.113195242893
"category/Endocrinologists"	0.1126800451
"category/Playgrounds"	0.112654411817
"category/Bangladeshi"	0.112449939409
"category/Baby Gear & Furniture"	0.112308807605
"cities/LaSalle"	0.112094809523
"category/Family Practice"	0.111813516076
"category/Farmers Market"	0.110976615185
"category/Souvenir Shops"	0.110601198565
"category/Paintball"	0.11053055977
"category/Bubble Tea"	0.109796735871
"category/Formal Wear"	0.109572887054
"category/Career Counseling"	0.108725891951
"category/Barbers"	0.108528815409
"category/Blow Dry/Out Services"	0.108437549942
"category/Electronics Repair"	0.107561056864
"category/Nurseries & Gardening"	0.106687932887
"category/Hotels & Travel"	0.106617898357
"category/Motorcycle Gear"	0.106024826548
"category/Discount Store"	0.10587299804
"cities/Braddock"	0.105847044642
"category/Burmese"	0.104068699726
"category/Distilleries"	0.103422390688
"category/Orthodontists"	0.103155538476
"category/Wholesale Stores"	0.102367181371
"cities/Sainte-Anne-De-Bellevue"	0.101901814048
"category/Airports"	0.101678108291
"category/Beer, Wine & Spirits"	0.101618326743
"cities/Dorval"	0.101419222327
"category/Day Spas"	0.100144830211
"category/Payroll Services"	0.10004728742
"category/Breweries"	0.0995769547829
"category/Bagels"	0.0994609713306
"category/Private Tutors"	0.0987980577677
"cities/Desert Ridge"	0.0981545289066
"category/Pretzels"	0.0975812433207
"category/Property Management"	0.0975197892315
"cities/Green Tree"	0.0963485828044
"cities/Henderson (Green  Valley)"	0.0963052015785
"category/Videographers"	0.0956454851963
"category/Barre Classes"	0.0954089980668
"category/African"	0.0954009765436
"category/Latin American"	0.0953519070899
"category/Photography Stores & Services"	0.0946258098417
"category/Hot Pot"	0.0937219009067
"category/Airport Shuttles"	0.0934496513518
"cities/Pittsburgh"	0.092936428159
"cities/Bellevue"	0.0924740653457
"category/Flowers & Gifts"	0.0920966813873
"category/Climbing"	0.0919201030928
"category/Jewelry Repair"	0.0914882935736
"category/Cambodian"	0.0914362124443
"cities/Mount Lebanon"	0.0909893765472
"category/Towing"	0.0904103427813
"category/Oil Change Stations"	0.0896414664231
"category/Lactation Services"	0.0887591172599
"cities/Paradise"	0.0885740401276
"category/Currency Exchange"	0.0884922270174
"category/Fabric Stores"	0.0883029785639
"numReviewsYear/2004"	0.0873820767746
"category/Men's Hair Salons"	0.0869273225924
"cities/Lawrenceville"	0.0868812187912
"category/Car Wash"	0.0859967789696
"category/Uniforms"	0.0854998034596
"category/Malaysian"	0.0850753933675
"category/Tattoo"	0.0850012449821
"cities/W Summerlin"	0.0837983064999
"category/Plumbing"	0.0824016061385
"category/Hostels"	0.0819490814303
"cities/Centennial Hills"	0.0815603152776
"cities/Montréal-Ouest"	0.0815042238852
"category/Courthouses"	0.0814052726315
"category/Dance Clubs"	0.0807476522056
"complimentsFansRatio/list"	0.0806380933162
"category/Food Delivery Services"	0.0805956085169
"category/Outlet Stores"	0.0804289589055
"category/Austrian"	0.080123851667
"category/Gold Buyers"	0.0790315470701
"yelpingYear/2004"	0.0788646895264
"category/Modern European"	0.0787542708113
"cities/Belmont"	0.0784779785119
"category/Cinema"	0.0784674912499
"category/Food Trucks"	0.0779267328924
"category/Organic Stores"	0.0772915483113
"category/Interior Design"	0.0768325438677
"category/Printing Services"	0.0757157517541
"category/Arts & Crafts"	0.0753755354648
"category/Mobile Phones"	0.0747291131075
"category/Auto Parts & Supplies"	0.0744961551802
"category/Men's Clothing"	0.073603347216
"cities/Sharpsburg"	0.0732469995873
"category/Salvadoran"	0.0730512377428
"cities/Sun Prairie"	0.0725911174922
"category/Tires"	0.0725712543824
"category/Home Cleaning"	0.0725178633614
"category/Ukrainian"	0.0723817858046
"category/Soccer"	0.0716791762696
"category/Hiking"	0.0711949417858
"category/Convenience Stores"	0.0711657701983
"category/Race Tracks"	0.0711054727025
"category/Party & Event Planning"	0.0703203980422
"category/Gastropubs"	0.0692543288727
"category/Ethiopian"	0.0690463809791
"category/Endodontists"	0.068601265685
"category/Nightlife"	0.0674382133026
"category/Videos & Video Game Rental"	0.0670886731125
"cities/Black Canyon City"	0.0670539096018
"category/Elementary Schools"	0.066878960582
"category/Disc Golf"	0.0666101460144
"cities/Tega Cay"	0.0662691208225
"category/Comedy Clubs"	0.066137233221
"category/Recreation Centers"	0.0661015741625
"category/Pet Services"	0.065245651595
"category/Dive Bars"	0.0650275972928
"category/Electronics"	0.0647620832393
"cities/Outremont"	0.064637005934
"cities/Goldfield"	0.064029802749
"category/Kitchen & Bath"	0.0638301329455
"category/Makeup Artists"	0.0635479080114
"cities/Urbana"	0.0635290875649
"category/Party Bus Rentals"	0.0635178210637
"category/Irish"	0.0628828018514
"category/Bookstores"	0.0625504706266
"category/Bowling"	0.06233218602
"category/Stadiums & Arenas"	0.062029962278
"category/Cosmetic Surgeons"	0.0618627424343
"category/Hair Removal"	0.0616824785557
"cities/North Queensferry"	0.0608118816666
"complimentsFansRatio/hot"	0.060711518444
"category/Fondue"	0.0605929841905
"category/Lounges"	0.0598286261206
"category/Specialty Food"	0.0598130384406
"category/Creperies"	0.059793381813
"cities/Mount Holly"	0.0596032565875
"cities/Le Vieux-Port"	0.0592104197567
"category/Middle Eastern"	0.0587909707393
"category/Persian/Iranian"	0.0586642772375
"category/Pet Boarding/Pet Sitting"	0.0585721709813
"category/Musical Instruments & Teachers"	0.0585637552124
"category/Outdoor Gear"	0.0581333983193
"category/Juice Bars & Smoothies"	0.0580021291124
"category/Soup"	0.0579407844159
"category/Furniture Stores"	0.0578590935813
"category/Shaved Ice"	0.0576839329019
"cities/Gilbert"	0.0573366794682
"category/Szechuan"	0.0572888067989
"category/Southern"	0.0570782357423
"category/Apartments"	0.0568238837715
"category/Hot Dogs"	0.0566092636428
"category/Burgers"	0.0565665683394
"cities/Savoy"	0.0565560103503
"category/Car Dealers"	0.0563941760608
"cities/Montréal"	0.0562720341071
"category/Medical Centers"	0.0560102206656
"category/Pilates"	0.0559799006446
"category/Performing Arts"	0.055898951249
"category/Landmarks & Historical Buildings"	0.0558439840566
"cities/Gold Canyon"	0.0556080703864
"category/Wine Bars"	0.05545695671
"category/Tobacco Shops"	0.0554144171981
"category/Spanish"	0.0552531790244
"cities/Bonnyrigg and Lasswade"	0.0551684764324
"category/Restaurants"	0.0551541111357
"category/Fish & Chips"	0.0551258223945
"category/Grocery"	0.0547688052595
"category/Ramen"	0.0541067178349
"category/Tea Rooms"	0.0530782478998
"category/Filipino"	0.0530655003503
"category/Gelato"	0.0527322616263
"category/Dim Sum"	0.0526474740185
"category/Veterinarians"	0.0523093582576
"category/Framing"	0.0520244796026
"category/Magicians"	0.0517725867943
"cities/Montreal"	0.0517452644412
"category/Ear Nose & Throat"	0.0516354476248
"category/Buffets"	0.0514671886859
"category/Embroidery & Crochet"	0.0514477462152
"category/Swimwear"	0.051239445371
"cities/Verdun"	0.0511070523775
"complimentsFansRatio/more"	0.0510820915524
"category/Gift Shops"	0.0508983353662
"category/Hair Salons"	0.050557527187
"category/Hawaiian"	0.050073323585
"category/Salad"	0.0500145124739
"category/Nail Salons"	0.0493550012231
"category/Pubs"	0.0493257745192
"cities/Pointe-Claire"	0.0491284921716
"category/Home Theatre Installation"	0.0490812133786
"cities/Sun City West"	0.0490168713859
"category/Fashion"	0.0483669481217
"category/Sewing & Alterations"	0.0483066381362
"category/Halal"	0.0481650757961
"category/Junk Removal & Hauling"	0.0474134457161
"category/Gay Bars"	0.0469552703179
"cities/Charlotte"	0.0468373427224
"category/Pub Food"	0.0468004478958
"category/Scandinavian"	0.0463353647838
"category/Local Services"	0.0455930124514
"category/Piano Bars"	0.0453822547784
"cities/Concord"	0.0450137872842
"cities/Buckeye"	0.0446813500331
"category/Tapas/Small Plates"	0.0445796452931
"category/Hats"	0.044053886294
"category/Caribbean"	0.0439384023627
"category/Car Share Services"	0.0436935308406
"category/Cajun/Creole"	0.0435546989323
"category/Skating Rinks"	0.0432212658127
"category/Home & Garden"	0.0428305052381
"category/Pet Stores"	0.0426678309328
"category/General Dentistry"	0.0424370589457
"category/Coffee & Tea"	0.04240649278
"category/Shopping Centers"	0.0422973092943
"category/Ice Cream & Frozen Yogurt"	0.0420299382357
"category/Tax Services"	0.0413355685988
"category/Butcher"	0.0410785960891
"category/Desserts"	0.0405129866409
"category/Do-It-Yourself Food"	0.0403202383253
"cities/Brossard"	0.0402502382025
"category/Art Galleries"	0.0393810149319
"cities/Stanfield"	0.0392636960288
"category/Pediatricians"	0.0390070055199
"category/Cafes"	0.0385482204325
"category/Jazz & Blues"	0.0383141593551
"category/Arts & Entertainment"	0.0376687061014
"category/Public Transportation"	0.0376253582147
"category/Traditional Chinese Medicine"	0.0363173572184
"category/Sandwiches"	0.0363012183245
"category/German"	0.0362649531023
"category/Soul Food"	0.035814837583
"fans"	0.0352224415769
"category/Belgian"	0.0352183300171
"category/Jewelry"	0.0348190427205
"category/Vietnamese"	0.0345318127925
"category/Trainers"	0.0343048928162
"cities/Avondale"	0.0334882979592
"category/Taiwanese"	0.0332418539462
"category/Cocktail Bars"	0.0325839953357
"cities/Cave Creek"	0.0325750828512
"category/Event Photography"	0.0319876890292
"category/Bridal"	0.0319380672269
"category/Keys & Locksmiths"	0.031921739432
"category/Gluten-Free"	0.0318692234799
"category/Steakhouses"	0.0317763139092
"category/Shared Office Spaces"	0.0316575601182
"category/American (New)"	0.0316482685816
"cities/Fountain Hills"	0.0311507064089
"category/Greek"	0.0308024389385
"category/French"	0.0306990295221
"category/Lebanese"	0.0306734119401
"category/Skin Care"	0.0306291436085
"category/Meat Shops"	0.0305795037945
"category/Cheese Shops"	0.0304154954216
"category/Comic Books"	0.0300380538184
"category/Bakeries"	0.0299731019992
"category/Health Markets"	0.0299559625373
"category/Event Planning & Services"	0.0299021519415
"category/Aquariums"	0.0298129138107
"category/Indian"	0.0290088929124
"category/Flowers"	0.0287745034684
"cities/Lachine"	0.0285685227494
"cities/San Tan Valley"	0.0280876283815
"category/Knitting Supplies"	0.0278222175104
"category/Summer Camps"	0.0272794387284
"category/Amusement Parks"	0.0268360857396
"category/Vape Shops"	0.026144970726
"category/Mattresses"	0.0255789104024
"category/Mexican"	0.0254193520807
"category/Costumes"	0.0253425140825
"category/Home Decor"	0.0250490136677
"category/Canadian (New)"	0.0244444111737
"cities/Middleton"	0.0239527648819
"category/Argentine"	0.0239485315057
"complimentsFansRatio/cool"	0.0239131294206
"category/Korean"	0.023747704607
"category/Fast Food"	0.0234897630037
"category/Driving Schools"	0.0233915151999
"cities/Las Vegas"	0.0230527535836
"category/American (Traditional)"	0.0227487593092
"category/British"	0.0224067613646
"category/Vegan"	0.0223352236554
"category/Tapas Bars"	0.0222549795502
"cities/Coolidge"	0.0220910567119
"category/Fruits & Veggies"	0.0215876375853
"category/Music Venues"	0.021340722044
"category/Battery Stores"	0.0211485912158
"category/Candy Stores"	0.0208803042727
"category/Cheesesteaks"	0.0207497115993
"category/Gardeners"	0.0206032049499
"cities/Scottsdale"	0.0204609836595
"category/Pizza"	0.0204182287259
"category/Asian Fusion"	0.0204180355004
"category/Party Equipment Rentals"	0.0203983058257
"cities/Newington"	0.0203931418246
"category/Post Offices"	0.0203339909592
"category/Breakfast & Brunch"	0.0198900536975
"numReviewsYear/2015"	0.0196126286155
"category/Resorts"	0.019452527312
"category/Personal Assistants"	0.0193840116449
"category/Live/Raw Food"	0.0190475179492
"category/Shipping Centers"	0.0189846326706
"category/Massage"	0.0185092247887
"category/Public Services & Government"	0.0184826651078
"category/Japanese"	0.0184369411808
"cities/Summerlin South"	0.0164702110661
"category/Turkish"	0.0163867661162
"category/Pool Halls"	0.0157103801527
"category/Chiropractors"	0.0154013106652
"category/Adult Entertainment"	0.0150187219858
"category/Vegetarian"	0.0148672654521
"category/Officiants"	0.0140693381392
"category/Brasseries"	0.0126279501591
"category/Diners"	0.0125659588322
"category/Women's Clothing"	0.0123884529765
"cities/North Scottsdale"	0.0122023168171
"category/Gun/Rifle Ranges"	0.012193784508
"category/Cultural Center"	0.0121555762101
"cities/Fort Mill"	0.012053010679
"category/Used, Vintage & Consignment"	0.0119491764817
"category/Sports Bars"	0.0115250607804
"category/Doctors"	0.0114142208265
"category/Guns & Ammo"	0.0112118579321
"category/Wineries"	0.0108094202647
"category/Auto Repair"	0.0102116150173
"complimentsFansRatio/note"	0.0101391591765
"category/Movers"	0.00982770618948
"category/Recycling Center"	0.00959797199976
"category/Bike Rentals"	0.00915167816288
"cities/Chandler"	0.0090385753428
"category/Active Life"	0.00881442428194
"category/Caterers"	0.00867406702639
"votesReviewsRatio/useful"	0.0083810158517
"category/Tanning Beds"	0.00779011932541
"cities/Dane"	0.00776364824661
"cities/Goodyear"	0.00772324686587
"category/Tex-Mex"	0.00706189813678
"cities/Spring Valley"	0.00639220242166
"category/Sushi Bars"	0.00622820572859
"category/Auto Detailing"	0.00592635540364
"numReviewsYear/2006"	0.00591700771121
"category/Libraries"	0.0057580535172
"category/Shoe Stores"	0.00572998607927
"cities/Pittsburgh/S. Hills Galleria"	0.00563579158097
"category/Photo Booth Rentals"	0.00538096873633
"category/Basque"	0.00523681032604
"category/Barbeque"	0.00475042674354
"category/Venues & Event Spaces"	0.00462965535066
"category/Hobby Shops"	0.00434872438636
"cities/Saint-laurent"	0.00410702419052
"category/Coffee & Tea Supplies"	0.00371079660979
"category/Books, Mags, Music & Video"	0.00316230021773
"numReviews"	0.00302854935344
"category/Drugstores"	0.00300300491354
"category/Musicians"	0.0029818552225
"category/Trains"	0.00286731888281
"category/Transportation"	0.00286221218562
"category/Windshield Installation & Repair"	0.00238734165735
"numFriends"	0.0021991314714
"category/Thai"	0.00213217352567
"cities/Tempe"	0.0015112412189
"cities/Roslin"	0.00141985010215
"category/Herbs & Spices"	0.00090636704304
"cities/Cramond"	0.000869066664863
"category/Toy Stores"	0.000765845196927
"category/Museums"	0.000688501707919
"cities/Fountain Hls"	0.000653617431817
"category/Seafood"	0.000572772995117
"category/Mediterranean"	0.000499125634708
"category/General Festivals"	0.000274919295742
"cities/Deux-Montagnes Regional County Municipality"	0.000220016595318
"category/Karaoke"	0.000192960034512
"category/Oriental"	0.000162330012191
"cities/Saint-Eustache"	0.000152645844462
"cities/Mirabel"	0.000100502725185
"cities/Saint-Hubert"	9.75565432515e-05
"category/Insulation Installation"	4.16016016042e-05
"category/Private Investigation"	1.48802365953e-05
"cities/Arlington"	7.05337469067e-06
"category/Home Staging"	2.21996579186e-06
"cities/Surprise Crossing"	2.15302622214e-06
"cities/Scottdale"	1.32429992513e-06
"cities/Mt. Oliver Boro"	1.217544946e-06
"cities/Montreal-Ouest"	7.63638118651e-07
"cities/Baie-D'urfe"	5.17370356986e-07
"category/Customized Merchandise"	1.53724435942e-07
"cities/South Gyle"	6.47034152206e-08
"category/Pole Dancing Classes"	-5.51271466422e-07
"cities/chandler"	-7.60398279207e-07
"cities/Stowe Township"	-8.23028087965e-07
"cities/Jockgrim"	-9.12617673477e-07
"cities/Mascouche"	-1.26609652267e-06
"cities/Montreal-West"	-1.33002162909e-06
"cities/Stutensee neuthard"	-1.43986198445e-06
"cities/Nellis Air Force Base"	-2.17776148427e-06
"cities/Delmont"	-2.28662544557e-06
"cities/Deux-Montagnes"	-2.70290236337e-06
"category/Meditation Centers"	-3.03888127848e-06
"category/Haitian"	-3.1270805817e-06
"category/High Fidelity Audio Equipment"	-3.24286595253e-06
"category/Lice Services"	-3.25041133499e-06
"cities/Bocholt"	-4.57584211517e-06
"category/Psychologists"	-5.09499667365e-06
"cities/1023 E Frye Rd"	-6.02448291619e-06
"cities/Hagenbach"	-6.15262018765e-06
"category/Walk-in Clinics"	-6.61859954054e-06
"category/Serbo Croatian"	-6.66151465892e-06
"cities/LAS VEGAS"	-6.82030857612e-06
"category/Legal Services"	-6.82705411774e-06
"cities/Mount Royal"	-6.97077942506e-06
"cities/Chandler-Gilbert"	-6.98192158178e-06
"category/Firearm Training"	-7.24585801836e-06
"category/Eastern German"	-8.00290329574e-06
"cities/Southside Flats"	-8.40256908908e-06
"category/Mosques"	-8.92620874939e-06
"cities/Dollard-Des Ormeaux"	-1.02909132079e-05
"cities/Terrebonne"	-1.06099400659e-05
"cities/Tucson"	-1.07102659819e-05
"category/Cabaret"	-1.3059236459e-05
"category/Security Services"	-1.3296397249e-05
"cities/Durmersheim"	-1.33237259381e-05
"category/Gutter Services"	-1.44079160137e-05
"category/Sugaring"	-1.45094496457e-05
"cities/Metro Phoenix"	-1.4817113453e-05
"cities/Last Vegas"	-1.57504658789e-05
"category/Bike Sharing"	-1.80935698908e-05
"cities/Charlotte "	-1.93137661969e-05
"cities/Scottsdale, Phoenix, Chandler, Gilbert"	-2.02925469564e-05
"category/RV Repair"	-2.14473231542e-05
"cities/St. Jacobs"	-2.20420411356e-05
"category/Shutters"	-2.78816555869e-05
"cities/Los Angeles"	-3.44526937131e-05
"category/Fireplace Services"	-4.45411331993e-05
"category/Septic Services"	-4.77063589554e-05
"cities/Lake Las Vegas"	-5.50602284173e-05
"numTips"	-5.75388144279e-05
"category/Architects"	-6.39700898295e-05
"category/Donairs"	-7.26826789217e-05
"category/Hair Stylists"	-0.000104000383362
"category/Beverage Store"	-0.000242286585409
"category/Immigration Law"	-0.00025521984013
"cities/St Clements"	-0.00029754850763
"category/Dermatologists"	-0.000550889603656
"category/Airlines"	-0.000614771086052
"cities/Firth of Forth"	-0.000796292773872
"category/Italian"	-0.000966475759077
"category/IT Services & Computer Repair"	-0.00101346247928
"category/Hotels"	-0.00104181570913
"category/Delis"	-0.00104835221805
"category/Shredding Services"	-0.00106551079427
"maxNumSlidingReviews"	-0.00132886559946
"localEliteFriends"	-0.0013828913782
"category/Chinese"	-0.0014138580447
"category/Sports Clubs"	-0.00156391896963
"category/Pet Groomers"	-0.00189085400207
"category/Carpet Installation"	-0.00189365420766
"numReviewsYear/2010"	-0.00193550368318
"cities/Nboulder City"	-0.00206836538744
"cities/Forchheim"	-0.00226499781351
"cities/Wörth am Rhein"	-0.00244764513471
"numReviewsYear/2012"	-0.00248801694122
"category/Ethnic Grocery"	-0.00253771074018
"category/Parks"	-0.00267436669906
"category/Pet Training"	-0.00272067159522
"category/Matchmakers"	-0.00291831528694
"numEliteFriends"	-0.00349882571826
"category/Cosmetics & Beauty Supply"	-0.00350427640417
"numReviewsYear/2014"	-0.00354359657106
"category/Uzbek"	-0.00354643629265
"numReviewsYear/2007"	-0.0035672784056
"numReviewsYear/2011"	-0.00369559180324
"cities/Karlsbad"	-0.00371737691169
"category/Swiss Food"	-0.00399291140024
"cities/Westmount"	-0.0043757982261
"category/Personal Injury Law"	-0.00442792993672
"numReviewsYear/2013"	-0.00442844492428
"numReviewsYear/2008"	-0.00446557352486
"cities/Pierrefonds"	-0.0047532733996
"votesReviewsRatio/cool"	-0.004788614909
"cities/La Prairie"	-0.00482666501628
"category/Florists"	-0.00511140847817
"category/Professional Sports Teams"	-0.00570582735352
"category/Valet Services"	-0.00572972999073
"category/Saunas"	-0.00657643565097
"category/Motorcycle Repair"	-0.00702022666292
"category/Ethnic Food"	-0.00765251772767
"category/Music & DVDs"	-0.00770276443972
"cities/Ahwatukee"	-0.00779397280081
"numReviewsYear/2009"	-0.00785456880921
"category/Portuguese"	-0.00819191999878
"category/Eyelash Service"	-0.00823572387823
"category/Anesthesiologists"	-0.0101932914464
"category/Tanning"	-0.0102803993205
"category/Chicken Wings"	-0.0102874912373
"category/Special Education"	-0.0104777597768
"category/Thrift Stores"	-0.0106797763185
"cities/Leith"	-0.0107800030289
"yelpingYear/2005"	-0.0108670497654
"complimentsFansRatio/plain"	-0.0109273294606
"category/Sports Wear"	-0.0110169614225
"cities/Boisbriand"	-0.0115547115082
"category/Community Service/Non-Profit"	-0.0118519424119
"cities/Paradise Valley"	-0.012078283798
"cities/Dollard-des-Ormeaux"	-0.012491369018
"category/Home Organization"	-0.0133992764534
"category/Sporting Goods"	-0.0141882507508
"category/Challenge Courses"	-0.0144161567954
"cities/Fitchburg"	-0.0147685108283
"category/Comfort Food"	-0.0151139983385
"cities/DeForest"	-0.0151566741066
"cities/El Mirage"	-0.015986089548
"category/Real Estate"	-0.0165651186946
"category/Shoe Repair"	-0.0165716144907
"category/Himalayan/Nepalese"	-0.0165881186798
"category/Body Shops"	-0.0168928966792
"category/Smog Check Stations"	-0.0169525135163
"numCategories"	-0.0177620900964
"category/Fireworks"	-0.0178140183699
"category/Photographers"	-0.0180267335985
"category/Eyewear & Opticians"	-0.0188053110818
"category/Antiques"	-0.0188366096652
"cities/Phoenix"	-0.0188665824143
"category/Teppanyaki"	-0.0192103309425
"category/Insurance"	-0.0193593937108
"cities/Glendale"	-0.0199015150512
"category/Donuts"	-0.0207202888303
"category/Pets"	-0.0208470582567
"category/Nutritionists"	-0.0209468972583
"category/Horseback Riding"	-0.0210002112418
"category/Golf"	-0.0211882191016
"category/Lakes"	-0.0217677723307
"category/Tours"	-0.021963822666
"category/Patisserie/Cake Shop"	-0.022004307708
"cities/Sainte-Anne-de-Bellevue"	-0.0227013894917
"cities/Heidelberg"	-0.0230848803941
"category/Midwives"	-0.02339779932
"category/Gas & Service Stations"	-0.0234333493332
"category/Skydiving"	-0.0235960957702
"cities/Squirrel Hill"	-0.0237467498722
"category/Food"	-0.024020860784
"cities/Upper Saint Clair"	-0.024586945159
"category/Tennis"	-0.0247843919304
"fansFriendsRatio"	-0.0252411199543
"category/Home Inspectors"	-0.0254054495457
"category/Home Services"	-0.0256401684444
"category/Medical Spas"	-0.0272668469739
"category/Hookah Bars"	-0.0279213443916
"cities/Fort McDowell"	-0.0281487556903
"category/Swimming Pools"	-0.0282260615525
"category/Botanical Gardens"	-0.0284067575375
"cities/Sun City Anthem"	-0.0293379077974
"category/Bars"	-0.0295654927128
"cities/N W Las Vegas"	-0.0302072845199
"category/Delicatessen"	-0.0321576389511
"category/Physical Therapy"	-0.0322814106085
"category/Waxing"	-0.0324267614992
"category/Motorcycle Dealers"	-0.0337190744444
"category/Department Stores"	-0.0340754999432
"category/Hardware Stores"	-0.0350542988563
"category/Casinos"	-0.0368827338086
"cities/Bethel Park"	-0.0368993223792
"category/Hospitals"	-0.0371048810379
"category/Shopping"	-0.0376568479945
"category/Peruvian"	-0.0376698044527
"cities/Carefree"	-0.0381703923141
"category/Heating & Air Conditioning/HVAC"	-0.0383918914558
"category/Cooking Classes"	-0.0385696953372
"votesReviewsRatio/funny"	-0.0387159287895
"category/Cantonese"	-0.0390057902501
"cities/Pineville"	-0.0392309180943
"cities/Aspinwall"	-0.0394625531077
"category/Bistros"	-0.0397366345885
"cities/Anjou"	-0.0398784556959
"category/Scottish"	-0.0400395144303
"category/Rolfing"	-0.0421995028933
"cities/Litchfield Park"	-0.0424003689604
"category/Session Photography"	-0.0428464220837
"category/CSA"	-0.0428595921633
"category/Funeral Services & Cemeteries"	-0.0436002720526
"category/Contractors"	-0.0449898092699
"cities/Dormont"	-0.0459335890424
"category/Health & Medical"	-0.0471042195877
"cities/Fort mill"	-0.0477008961431
"cities/Indian Trail"	-0.0486648268272
"numReviewsYear/2005"	-0.0505343859501
"category/Dry Cleaning & Laundry"	-0.0510714112569
"cities/Pittsburg"	-0.0510830696877
"category/Wheel & Rim Repair"	-0.0512181285499
"category/Boxing"	-0.051402505876
"cities/Inverkeithing"	-0.0517307745053
"cities/Harrisburg"	-0.0525347339712
"cities/Monona"	-0.0527175984553
"category/Vinyl Records"	-0.0528460857543
"category/Pakistani"	-0.0533464862671
"cities/Surprise"	-0.0535598341949
"cities/PHOENIX"	-0.0544593418472
"category/Middle Schools & High Schools"	-0.0546098596238
"category/Internal Medicine"	-0.0551593256019
"category/Automotive"	-0.0555987067802
"category/Flooring"	-0.0559266704449
"cities/Mesa"	-0.0562348636778
"category/Water Delivery"	-0.0564623805144
"cities/Verona"	-0.0578282559306
"category/Bartending Schools"	-0.0584306925812
"category/Office Equipment"	-0.0596933556084
"category/Child Care & Day Care"	-0.0597274338941
"category/Moroccan"	-0.060523443323
"cities/Mcfarland"	-0.0605961453766
"cities/Longueuil"	-0.0606918916536
"category/Language Schools"	-0.0613485305172
"category/Polish"	-0.0614305164125
"cities/Higley"	-0.0616495484293
"cities/Homestead"	-0.0621871990496
"category/Pawn Shops"	-0.0623932801061
"category/Financial Services"	-0.0635023107036
"category/Educational Services"	-0.0635131957085
"category/Tai Chi"	-0.0636309934366
"category/Cards & Stationery"	-0.0645368865691
"category/Accessories"	-0.0652329314059
"category/Pasta Shops"	-0.065369489464
"category/Metal Fabricators"	-0.0656983273872
"cities/Peoria"	-0.0668942276886
"cities/Edinburgh"	-0.0673829692088
"yelpingYear/2006"	-0.0675340268079
"cities/Maricopa"	-0.0677485067346
"cities/Bloomfield"	-0.0678087730908
"category/Amateur Sports Teams"	-0.0678443720352
"complimentsFansRatio/photos"	-0.0686008469249
"cities/Indian Land"	-0.0690146737728
"cities/Apache Junction"	-0.0693349967919
"cities/Gila Bend"	-0.0694601660496
"category/Art Supplies"	-0.0695345256875
"category/Radiologists"	-0.0698885552306
"category/Laser Tag"	-0.0699927757125
"category/Beauty & Spas"	-0.070813825535
"complimentsFansRatio/funny"	-0.0711585227479
"category/Employment Law"	-0.0712363561687
"category/Home Window Tinting"	-0.0723119124237
"cities/Matthews"	-0.0729455900579
"category/Chocolatiers & Shops"	-0.073118178293
"cities/Enterprise"	-0.0735351721708
"category/Laser Hair Removal"	-0.0749913481828
"category/Buses"	-0.0751804298727
"category/Pediatric Dentists"	-0.075247656254
"cities/Portobello"	-0.0754224130728
"cities/L'Île-Bizard"	-0.0774733438373
"cities/Saint-Laurent"	-0.0777431447541
"category/Indonesian"	-0.0780333072878
"category/Windows Installation"	-0.0784900801076
"category/Children's Clothing"	-0.0784941464794
"category/Dominican"	-0.0790161464617
"cities/Waunakee"	-0.0795173725717
"cities/Bapchule"	-0.0798256500301
"cities/Anthem"	-0.080372404497
"category/Television Service Providers"	-0.0804704554994
"cities/Deforest"	-0.0804836844691
"cities/Tolleson"	-0.0812062590537
"cities/Las Vegas East"	-0.0812975920058
"cities/Carnegie"	-0.083090960098
"category/Lighting Fixtures & Equipment"	-0.0832402840324
"category/Appliances & Repair"	-0.0833969231727
"category/Go Karts"	-0.0835960035469
"category/Luggage"	-0.0843359156074
"category/Car Rental"	-0.0858728242596
"category/Shanghainese"	-0.0862068540197
"cities/Queen Creek"	-0.0864183272808
"cities/Mont-Royal"	-0.0870844211028
"category/Hang Gliding"	-0.0882966882711
"category/Party Supplies"	-0.0889289339176
"cities/Mc Farland"	-0.0905318257855
"category/Brazilian"	-0.0922086732825
"cities/Henderson"	-0.0922670971263
"category/Auction Houses"	-0.0955800573151
"category/Financial Advising"	-0.0957715337542
"cities/Ste-Rose"	-0.0961840729119
"cities/Sun City"	-0.0964448958793
"category/Appliances"	-0.097105148661
"complimentsFansRatio/cute"	-0.0974818863813
"category/Tree Services"	-0.0989856731517
"cities/Central City Village"	-0.100371776679
"cities/University"	-0.100384693612
"category/Data Recovery"	-0.101511502694
"category/Carpet Cleaning"	-0.103830732592
"category/Lingerie"	-0.104335465187
"category/Professional Services"	-0.105785248258
"category/Fences & Gates"	-0.107301526971
"cities/Summerlin"	-0.107453449349
"category/Reflexology"	-0.107731348896
"category/Psychiatrists"	-0.108058569401
"cities/Boulder City"	-0.108839986863
"category/Watches"	-0.108985401336
"category/Dog Walkers"	-0.108995818675
"cities/Victoria Park"	-0.110203269936
"category/Local Flavor"	-0.111585555539
"category/Carpeting"	-0.112029337206
"yelpingYear/2012"	-0.113328535638
"category/Walking Tours"	-0.113649281875
"category/Bail Bondsmen"	-0.113696033263
"category/Departments of Motor Vehicles"	-0.114066938385
"category/Russian"	-0.11419167346
"category/Fitness & Instruction"	-0.114299905753
"category/Computers"	-0.115665377312
"category/Cuban"	-0.115774640349
"category/Mobile Phone Repair"	-0.117301296357
"category/Kosher"	-0.118687171408
"yelpingYear/2010"	-0.118926708737
"cities/Scottsdale Country Acres"	-0.119111266484
"yelpingYear/2011"	-0.120768661834
"category/Boat Dealers"	-0.120868961528
"yelpingYear/2009"	-0.123861171968
"category/Cosmetic Dentists"	-0.124117750782
"category/Naturopathic/Holistic"	-0.124749849224
"cities/Ettlingen"	-0.12601802347
"cities/Laveen"	-0.12695306561
"category/Art Classes"	-0.127272394138
"cities/Pfinztal"	-0.128315208045
"cities/North Las Vegas"	-0.129423736527
"category/Religious Schools"	-0.131412762352
"category/Street Art"	-0.131657678716
"category/Notaries"	-0.135123245141
"category/Sports Medicine"	-0.135711607141
"cities/Old Town"	-0.136098503509
"category/Preschools"	-0.136104669384
"category/Coffeeshops"	-0.13844314422
"category/Orthotics"	-0.138685538641
"yelpingYear/2008"	-0.13912943539
"category/Seafood Markets"	-0.139223112978
"cities/Sainte-Genevieve"	-0.139433568462
"category/Venezuelan"	-0.140613116984
"yelpingYear/2013"	-0.14102045665
"category/Allergists"	-0.141108531891
"category/Pest Control"	-0.141181858851
"cities/Monroe"	-0.141576760933
"category/Colleges & Universities"	-0.142411439065
"yelpingYear/2007"	-0.142567910701
"category/Real Estate Agents"	-0.142897465444
"category/Hair Extensions"	-0.143397231767
"category/Afghan"	-0.143527615551
"cities/Guadalupe"	-0.144687135723
"category/Gymnastics"	-0.147015032548
"cities/Queensferry"	-0.147270733299
"complimentsFansRatio/profile"	-0.14745048798
"category/Scuba Diving"	-0.147716756039
"cities/W Spring Valley"	-0.151064258385
"category/Telecommunications"	-0.151481762698
"category/Boat Repair"	-0.152161040866
"cities/Saint-Leonard"	-0.152774403636
"category/Laser Eye Surgery/Lasik"	-0.153178886943
"category/Auto Customization"	-0.153193436735
"category/Podiatrists"	-0.156255757885
"cities/Stowe"	-0.156514057634
"cities/Tonto Basin"	-0.157475739641
"cities/Tonopah"	-0.157870658804
"cities/Windsor"	-0.158401997048
"category/Ophthalmologists"	-0.158840458818
"category/Security Systems"	-0.15982286787
"category/Bus Tours"	-0.159972298303
"category/Adult Education"	-0.160903479256
"category/Kebab"	-0.163518260252
"cities/New River"	-0.163922188302
"category/Skate Parks"	-0.164107452265
"category/Leisure Centers"	-0.165084145255
"category/Audiologist"	-0.16567151942
"cities/Fabreville"	-0.167156452832
"cities/Seattle"	-0.167417790702
"cities/Stallings"	-0.170304886007
"cities/City of Edinburgh"	-0.17162717049
"category/Travel Services"	-0.174623010848
"category/Boating"	-0.174915297856
"category/Couriers & Delivery Services"	-0.176273868803
"category/Wine Tours"	-0.177939428035
"yelpingYear/2014"	-0.179024407157
"cities/McFarland"	-0.182506862315
"category/Employment Agencies"	-0.183691252312
"cities/Saint Laurent"	-0.185457564984
"category/Screen Printing"	-0.185758661142
"cities/Phoenix Sky Harbor Center"	-0.188482309122
"category/Firewood"	-0.188599516419
"cities/Wickenburg"	-0.190108702319
"category/RV Rental"	-0.19070699006
"category/Window Washing"	-0.191917269847
"category/Garage Door Services"	-0.193895206654
"category/DJs"	-0.195299529377
"category/Drywall Installation & Repair"	-0.195562923143
"category/Batting Cages"	-0.195772949362
"category/Furniture Reupholstery"	-0.195942685213
"category/Colombian"	-0.198919336593
"category/Arabian"	-0.199199883387
"cities/Pittsburrgh"	-0.199307727506
"category/Taxis"	-0.201271892755
"cities/Dollard-Des-Ormeaux"	-0.203283436599
"cities/Saint-Lambert"	-0.203509463186
"category/Diving"	-0.205440480501
"cities/Pointe-Aux-Trembles"	-0.205632268053
"category/Hot Air Balloons"	-0.209099633867
"category/Food Court"	-0.209480044348
"cities/Weddington"	-0.209748293821
"category/Chimney Sweeps"	-0.210776729262
"category/Real Estate Services"	-0.213092483273
"cities/Rosemère"	-0.214913839083
"category/Internet Cafes"	-0.216138933009
"cities/Mckees Rocks"	-0.216527727239
"cities/Cultural District"	-0.228846052276
"category/Graphic Design"	-0.232374424444
"category/Trophy Shops"	-0.23463630677
"cities/New Dundee"	-0.24064101581
"category/Surgeons"	-0.240782380785
"category/Occupational Therapy"	-0.241235345075
"category/Pool Cleaners"	-0.241417128264
"cities/Newbridge"	-0.243272311325
"category/Fishing"	-0.246295414798
"category/Food Banks"	-0.249424147511
"category/Counseling & Mental Health"	-0.25272718717
"category/Baden"	-0.255239455246
"category/Medical Transportation"	-0.257742463816
"cities/Wesley Chapel"	-0.263287933524
"category/Investing"	-0.267438185873
"category/Real Estate Law"	-0.267442489705
"cities/Phoenix-Ahwatukee"	-0.271919972573
"cities/Kitchener"	-0.27674349088
"category/Maternity Wear"	-0.278714269877
"category/Pressure Washers"	-0.280553223803
"category/Oncologist"	-0.28087764195
"cities/Balerno"	-0.282658003366
"category/Churches"	-0.285551333671
"cities/Roosevelt"	-0.287252566331
"cities/Lake Wylie"	-0.288118653864
"category/Marketing"	-0.290943714866
"category/Vocational & Technical School"	-0.292072660381
"category/Refinishing Services"	-0.29299884461
"cities/Bonnyrigg"	-0.294480608036
"category/Cannabis Clinics"	-0.298091386018
"category/Pharmacy"	-0.298474572337
"category/Specialty Schools"	-0.298637331433
"category/Video Game Stores"	-0.304552981613
"cities/Mc Kees Rocks"	-0.304951853637
"category/Personal Shopping"	-0.308343375483
"category/Fertility"	-0.310844418215
"cities/Brentwood"	-0.315197814732
"cities/Waldbronn"	-0.319579274892
"cities/Whitney"	-0.319690704502
"category/Vacation Rentals"	-0.320844531392
"category/Medical Supplies"	-0.32593352156
"cities/London"	-0.327475075441
"cities/Fort Mcdowell"	-0.329192373206
"cities/Shadyside"	-0.337862025806
"cities/Penicuik"	-0.341647361685
"category/Trampoline Parks"	-0.342779252865
"cities/Rheinstetten"	-0.352140753975
"cities/Weingarten"	-0.352366740454
"category/Golf Equipment"	-0.352678911838
"category/Masonry/Concrete"	-0.356112882731
"category/Pita"	-0.364393273458
"category/Diagnostic Imaging"	-0.3647596045
"category/Country Dance Halls"	-0.366082425402
"cities/Dravosburg"	-0.369983810355
"category/Buddhist Temples"	-0.370629064636
"category/Solar Installation"	-0.372612416187
"category/Lawyers"	-0.376457316457
"cities/Brookline"	-0.3822367988
"category/Health Retreats"	-0.387538110831
"category/Leather Goods"	-0.388339134552
"category/Powder Coating"	-0.39977689747
"cities/Concord Mills"	-0.401191524919
"cities/Fort Kinnaird"	-0.402244138138
"category/Hearing Aid Providers"	-0.406799925704
"cities/Eagan"	-0.40965430984
"yelpingYear/2015"	-0.40988573826
"category/Test Preparation"	-0.412380614093
"cities/Glendale Az"	-0.416203603549
"category/Psychics & Astrologers"	-0.417184206618
"category/Hospice"	-0.421051814039
"category/Aquarium Services"	-0.437288656007
"cities/Sunrise"	-0.438033025928
"category/Utilities"	-0.44266338093
"cities/Pointe Claire"	-0.442729087095
"category/Cabinetry"	-0.447215121841
"category/Irrigation"	-0.457237155236
"category/Laboratory Testing"	-0.461722210206
"cities/Arcadia"	-0.463962584739
"cities/Luke AFB"	-0.467640634828
"cities/Juniper Green"	-0.470277007565
"category/Propane"	-0.470844085944
"cities/Castle Shannon"	-0.480940733589
"category/Painters"	-0.483652957306
"cities/Sainte-Thérèse"	-0.485645913838
"category/Furniture Repair"	-0.488618492549
"cities/Bruchsal"	-0.493788791079
"cities/Allentown"	-0.497324105048
"category/RV Parks"	-0.498828330002
"cities/Downtown"	-0.505770584645
"category/Recording & Rehearsal Studios"	-0.51580974404
"cities/Midlothian"	-0.517135463533
"category/Reiki"	-0.519884674022
"cities/Central Henderson"	-0.528952004782
"cities/C Las Vegas"	-0.531603002074
"category/Pool & Hot Tub Service"	-0.531686448282
"cities/Pheonix"	-0.532571950087
"category/Hungarian"	-0.535370557926
"category/Ticket Sales"	-0.545294493746
"category/Landscape Architects"	-0.557412407995
"category/DUI Law"	-0.561883624304
"category/Train Stations"	-0.588494187487
"cities/Dalkeith"	-0.599206009977
"category/Christmas Markets"	-0.607386152586
"cities/McKeesport"	-0.61925536123
"cities/Rock Hill"	-0.619608426372
"category/Tattoo Removal"	-0.630558265631
"category/Czech"	-0.631975506032
"cities/Henderston"	-0.661583977349
"cities/Karlsruhe"	-0.670097366795
"category/Talent Agencies"	-0.681230544356
"category/Ski Resorts"	-0.695415936203
"category/Roofing"	-0.704528431602
"category/Check Cashing/Pay-day Loans"	-0.719259471875
"category/Hypnosis/Hypnotherapy"	-0.721976822654
"cities/Nellis Afb"	-0.73150151639
"cities/Green Valley"	-0.745315412407
"cities/Dalgety Bay"	-0.765259750253
"category/Campgrounds"	-0.768004081735
"cities/Musselburgh"	-0.775788180777
"category/Wok"	-0.779083643095
"cities/Cote-Saint-Luc"	-0.781697357521
"category/Bavarian"	-0.781885059115
"category/Used Bookstore"	-0.782284813428
"cities/Regent Square"	-0.794827236244
"cities/Henderson "	-0.822933893017
"cities/Boucherville"	-0.828324477735
"category/Synagogues"	-0.837712366445
"category/Surfing"	-0.841368793543
"cities/Woolwich"	-0.895317186697
"category/Door Sales/Installation"	-0.907047796611
"category/Tutoring Centers"	-0.94879637487
"category/Mass Media"	-0.999542967767
"category/Urologists"	-1.0688596393
"cities/Montreal-Nord"	-1.12937203754
"cities/Mattews"	-1.13503898491
"category/Newspapers & Magazines"	-1.26950196883
"cities/Wilkinsburg"	-1.3204196245
"constant"	-1.4880494133
"category/Auto Loan Providers"	-3.54876686825
